,test_perplex,labels_test,an_prediction,predicted_perplex
0,1.7999999999999998,False,False,1.3329653
1,9.0,False,False,1.400863
2,1.2,False,False,1.1908991
3,1.2,False,False,1.1908991
4,1.2,False,False,1.1908991
5,6.0,False,False,1.6173795
6,3.0,False,False,1.375371
7,4.0,False,False,1.421053
8,4.0,False,False,1.421053
9,4.0,False,False,1.421053
10,2.6666666666666665,False,False,1.5089087
11,2.0,False,False,1.6572483
12,2.6666666666666665,False,False,1.5089087
13,2.0,False,False,1.6572483
14,2.6666666666666665,False,False,1.4841131
15,3.0,False,False,1.375371
16,4.0,False,False,1.421053
17,4.0,False,False,1.421053
18,2.6666666666666665,False,False,1.4841131
19,9.0,False,False,1.400863
20,6.0,False,False,1.6173795
21,3.0,False,False,1.375371
22,2.6666666666666665,False,False,1.4841131
23,1.7999999999999998,False,False,1.3329653
24,3.0,False,False,1.375371
25,2.6666666666666665,False,False,1.4841131
26,3.0,False,False,1.375371
27,2.6666666666666665,False,False,1.4841131
28,1.7999999999999998,False,False,1.3329653
29,1.7999999999999998,False,False,1.3329653
30,3.0,False,False,1.375371
31,2.6666666666666665,False,False,1.4841131
32,3.0,False,False,1.375371
33,4.0,False,False,1.421053
34,2.6666666666666665,False,False,1.4841131
35,1.7999999999999998,False,False,1.3329653
36,1.7999999999999998,False,False,1.3329653
37,1.7999999999999998,False,False,1.3329653
38,1.7999999999999998,False,False,1.3329653
39,1.7999999999999998,False,False,1.3329653
40,1.7999999999999998,False,False,1.3329653
41,9.0,False,False,1.400863
42,6.0,False,False,1.6173795
43,1.7999999999999998,False,False,1.3329653
44,1.7999999999999998,False,False,1.3329653
45,3.0,False,False,1.375371
46,4.0,False,False,1.421053
47,2.6666666666666665,False,False,1.5089087
48,2.0,False,False,1.6572483
49,2.6666666666666665,False,False,1.4841131
50,1.7999999999999998,False,False,1.3329653
51,1.7999999999999998,False,False,1.3329653
52,1.7999999999999998,False,False,1.3329653
53,9.0,False,False,1.400863
54,1.2,False,False,1.1908991
55,1.2,False,False,1.1908991
56,1.2,False,False,1.1908991
57,1.2,False,False,1.1908991
58,6.0,False,False,1.6173795
59,1.7999999999999998,False,False,1.3329653
60,3.0,False,False,1.375371
61,2.6666666666666665,False,False,1.5089087
62,2.0,False,False,1.6572483
63,2.6666666666666665,False,False,1.4841131
64,1.7999999999999998,False,False,1.3329653
65,1.7999999999999998,False,False,1.3329653
66,inf,True,True,31.078753
67,2.0,False,False,1.3696529
68,2.0,False,False,1.3696529
69,3.0,False,False,1.4351377
70,3.0,False,False,1.3995174
71,3.0,False,False,1.4351377
72,3.0,False,False,1.3995174
73,2.0,False,False,1.3696529
74,2.0,False,False,1.3696529
75,2.0,False,False,1.3696529
76,6.0,False,True,1.7670984
77,1.6,False,False,1.3175379
78,1.6,False,False,1.3175379
79,8.0,False,True,1.8246723
80,2.0,False,False,1.3696529
81,2.0,False,False,1.3696529
82,2.0,False,False,1.3696529
83,2.0,False,False,1.3696529
84,2.0,False,False,1.3696529
85,6.0,False,True,1.7670984
86,4.0,False,False,1.4583223
87,2.3333333333333335,False,False,1.4145817
88,3.5,False,False,1.5145019
89,1.6,False,False,1.3175379
90,4.0,False,False,1.4583223
91,2.3333333333333335,False,False,1.4145817
92,3.5,False,False,1.5145019
93,4.0,False,False,1.4583223
94,2.3333333333333335,False,False,1.4145817
95,2.3333333333333335,False,False,1.4145817
96,2.3333333333333335,False,False,1.4145817
97,2.3333333333333335,False,False,1.4145817
98,2.3333333333333335,False,False,1.4145817
99,3.5,False,False,1.5145019
100,1.6,False,False,1.3175379
101,4.0,False,False,1.4583223
102,3.5,False,False,1.5145019
103,1.6,False,False,1.3175379
104,1.6,True,False,1.3175379
105,4.0,False,False,1.4583223
106,2.3333333333333335,False,False,1.4145817
107,3.5,False,False,1.5909476
108,2.0,False,False,1.6572483
109,2.6666666666666665,False,False,1.4841131
110,1.7999999999999998,False,False,1.3329653
111,1.7999999999999998,False,False,1.3329653
112,1.7999999999999998,False,False,1.3329653
113,9.0,False,False,1.400863
114,1.2,False,False,1.1908991
115,1.2,False,False,1.1908991
116,1.2,False,False,1.1908991
117,6.0,False,False,1.6173795
118,3.0,False,False,1.375371
119,2.6666666666666665,False,False,1.5089087
120,6.0,False,False,1.6517916
121,2.0,False,False,1.6572483
122,2.6666666666666665,False,False,1.4841131
123,1.7999999999999998,False,False,1.3329653
124,9.0,False,False,1.400863
125,1.2,False,False,1.1908991
126,1.2,False,False,1.1908991
127,1.2,False,False,1.1908991
128,6.0,False,False,1.6173795
129,1.7999999999999998,False,False,1.3329653
130,1.7999999999999998,False,False,1.3329653
131,3.0,False,False,1.375371
132,4.0,False,False,1.421053
133,2.6666666666666665,False,False,1.5089087
134,6.0,False,False,1.6517916
135,2.0,False,False,1.6572483
136,4.0,False,False,1.421053
137,2.6666666666666665,False,False,1.5089087
138,3.0,False,False,1.62493
139,3.5,False,False,1.5909476
140,6.0,False,False,1.6517916
141,3.0,False,False,1.62493
142,2.3333333333333335,False,False,1.4145817
143,3.5,False,False,1.5145019
144,8.0,False,True,1.8246723
145,3.0,False,False,1.4351377
146,3.0,False,False,1.3419483
147,3.0,False,False,1.3995174
148,2.0,False,False,1.3696529
149,3.0,False,False,1.4351377
150,inf,True,True,1.7275664
151,3.0,False,False,1.0010641
152,3.0,False,False,1.312083
153,3.0,False,False,1.3419483
154,3.0,False,False,1.3419483
155,3.0,False,False,1.3419483
156,3.0,False,False,1.3777659
157,3.0,False,False,1.312083
158,3.0,False,False,1.3419483
159,3.0,False,False,1.3419483
160,3.0,False,False,1.3995174
161,2.0,False,False,1.3696529
162,2.0,False,False,1.3696529
163,3.0,False,False,1.4351377
164,3.0,False,False,1.3995174
165,3.0,False,False,1.4351377
166,3.0,False,False,1.3995174
167,3.0,False,False,1.4351377
168,3.0,False,False,1.3995174
169,3.0,False,False,1.4351377
170,3.0,False,False,1.3777659
171,6.0,False,False,1.3699887
172,3.0,False,False,1.0010641
173,inf,True,True,46.577324
174,1.7999999999999998,False,False,1.3329653
175,3.0,False,False,1.375371
176,2.6666666666666665,False,False,1.5089087
177,2.0,False,False,1.6572483
178,2.6666666666666665,False,False,1.5089087
179,2.0,False,False,1.6572483
180,2.6666666666666665,False,False,1.4841131
181,1.7999999999999998,False,False,1.3329653
182,1.7999999999999998,False,False,1.3329653
183,1.7999999999999998,False,False,1.3329653
184,1.7999999999999998,False,False,1.3329653
185,1.7999999999999998,False,False,1.3329653
186,1.7999999999999998,False,False,1.3329653
187,1.7999999999999998,False,False,1.3329653
188,9.0,False,False,1.400863
189,1.2,False,False,1.1908991
190,1.2,False,False,1.1908991
191,1.2,False,False,1.1908991
192,6.0,False,False,1.6173795
193,3.0,False,False,1.375371
194,inf,True,True,1.9987557
195,1.2,False,False,1.1908991
196,1.2,False,False,1.1908991
197,1.2,False,False,1.1908991
198,1.2,False,False,1.1908991
199,1.2,False,False,1.1908991
200,1.2,False,False,1.1908991
201,1.2,False,False,1.1908991
202,1.2,False,False,1.1908991
203,1.2,False,False,1.1908991
204,1.2,False,False,1.1908991
205,1.2,False,False,1.1908991
206,1.2,False,False,1.1908991
207,1.2,False,False,1.1908991
208,1.2,False,False,1.1908991
209,1.2,False,False,1.1908991
210,1.2,False,False,1.1908991
211,1.2,False,False,1.1908991
212,1.2,False,False,1.1908991
213,1.2,False,False,1.1908991
214,1.2,False,False,1.1908991
215,1.2,False,False,1.1908991
216,1.2,False,False,1.1908991
217,1.2,False,False,1.1908991
218,1.2,False,False,1.1908991
219,1.2,False,False,1.1908991
220,1.2,False,False,1.1908991
221,inf,True,True,11.141883
222,3.5,False,False,1.5909476
223,6.0,False,False,1.6517916
224,3.0,False,False,1.62493
225,2.3333333333333335,False,False,1.4145817
226,2.3333333333333335,False,False,1.4145817
227,3.5,False,False,1.5909476
228,2.0,False,False,1.6572483
229,2.6666666666666665,False,False,1.5089087
230,inf,True,True,3.5444734
231,6.0,False,False,1.6173795
232,3.0,False,False,1.375371
233,2.6666666666666665,False,False,1.5089087
234,6.0,False,False,1.6517916
235,6.0,False,False,1.6517916
236,2.0,False,False,1.6572483
237,2.6666666666666665,False,False,1.4841131
238,3.0,False,False,1.375371
239,4.0,False,False,1.421053
240,2.6666666666666665,False,False,1.4841131
241,3.0,False,False,1.375371
242,4.0,False,False,1.421053
243,4.0,False,False,1.421053
244,2.6666666666666665,False,False,1.5089087
245,3.0,False,False,1.62493
246,2.3333333333333335,False,False,1.4145817
247,3.5,False,False,1.5145019
248,1.6,False,False,1.3175379
249,8.0,False,True,1.8246723
250,2.0,False,False,1.3696529
251,6.0,False,True,1.7670984
252,1.6,True,False,1.3175379
253,4.0,False,False,1.4583223
254,3.5,False,False,1.5145019
255,4.0,False,False,1.4583223
256,3.5,False,False,1.5145019
257,8.0,False,True,1.8246723
258,2.0,False,False,1.3696529
259,2.0,False,False,1.3696529
260,2.0,False,False,1.3696529
261,inf,True,True,2.3499224
262,1.5,False,False,1.0007646
263,1.5,False,False,1.0007646
264,1.5,False,False,1.0007646
265,1.5,False,False,1.0007646
266,1.5,False,False,1.0007646
267,1.5,False,False,1.0007646
268,3.0,False,False,1.0010641
269,2.0,False,False,1.2686981
270,2.0,False,False,1.2686981
271,3.0,False,False,1.312083
272,3.0,False,False,1.3419483
273,3.0,False,False,1.3777659
274,2.0,False,False,1.2686981
275,3.0,False,False,1.312083
276,3.0,False,False,1.3419483
277,3.0,False,False,1.3419483
278,3.0,False,False,1.3995174
279,6.0,False,True,1.7670984
280,4.0,False,False,1.4583223
281,2.3333333333333335,False,False,1.4145817
282,3.5,False,False,1.5909476
283,2.0,False,False,1.6572483
284,2.6666666666666665,False,False,1.5089087
285,2.0,False,False,1.6572483
286,2.6666666666666665,False,False,1.5089087
287,3.0,False,False,1.62493
288,2.3333333333333335,False,False,1.4145817
289,2.3333333333333335,False,False,1.4145817
290,3.5,False,False,1.5909476
291,2.0,False,False,1.6572483
292,2.6666666666666665,False,False,1.4841131
293,3.0,False,False,1.375371
294,2.6666666666666665,False,False,1.4841131
295,1.7999999999999998,False,False,1.3329653
296,1.7999999999999998,False,False,1.3329653
297,3.0,False,False,1.375371
298,2.6666666666666665,False,False,1.4841131
299,3.0,False,False,1.375371
300,2.6666666666666665,False,False,1.5089087
301,6.0,False,False,1.6517916
302,2.0,False,False,1.6572483
303,4.0,False,False,1.421053
304,4.0,False,False,1.421053
305,2.6666666666666665,False,False,1.4841131
306,3.0,False,False,1.375371
307,2.6666666666666665,False,False,1.5089087
308,3.0,False,False,1.62493
309,3.5,False,False,1.5145019
310,1.6,False,False,1.3175379
311,4.0,False,False,1.4583223
312,2.3333333333333335,False,False,1.4145817
313,2.3333333333333335,False,False,1.4145817
314,3.5,False,False,1.5145019
315,1.6,False,False,1.3175379
316,8.0,False,True,1.8246723
317,2.0,False,False,1.3696529
318,2.0,False,False,1.3696529
319,2.0,False,False,1.3696529
320,inf,True,True,3.3175724
321,2.3333333333333335,False,False,1.4145817
322,2.3333333333333335,False,False,1.4145817
323,2.3333333333333335,False,False,1.4145817
324,2.3333333333333335,False,False,1.4145817
325,3.5,False,False,1.5145019
326,1.6,False,False,1.3175379
327,1.6,False,False,1.3175379
328,8.0,False,True,1.8246723
329,2.0,False,False,1.3696529
330,3.0,False,False,1.4351377
331,3.0,False,False,1.3995174
332,2.0,False,False,1.3696529
333,3.0,False,False,1.4351377
334,3.0,False,False,1.3995174
335,2.0,False,False,1.3696529
336,2.0,False,False,1.3696529
337,3.0,False,False,1.4351377
338,3.0,False,False,1.3995174
339,2.0,False,False,1.3696529
340,6.0,False,True,1.7670984
341,1.6,False,False,1.3175379
342,4.0,False,False,1.4583223
343,2.3333333333333335,False,False,1.4145817
344,3.5,False,False,1.5145019
345,4.0,False,False,1.4583223
346,3.5,False,False,1.5909476
347,3.0,False,False,1.62493
348,3.5,False,False,1.5145019
349,1.6,False,False,1.3175379
350,1.6,False,False,1.3175379
351,8.0,False,True,1.8246723
352,2.0,False,False,1.3696529
353,2.0,False,False,1.3696529
354,2.0,False,False,1.3696529
355,inf,True,True,2.3499224
356,1.5,False,False,1.0007646
357,3.0,False,False,1.0010641
358,2.0,False,False,1.2686981
359,2.0,False,False,1.2686981
360,3.0,False,False,1.312083
361,3.0,False,False,1.3419483
362,3.0,False,False,1.3995174
363,2.0,False,False,1.3696529
364,2.0,False,False,1.3696529
365,2.0,False,False,1.3696529
366,3.0,False,False,1.4351377
367,3.0,False,False,1.3995174
368,2.0,False,False,1.3696529
369,3.0,False,False,1.4351377
370,3.0,False,False,1.3419483
371,3.0,False,False,1.3995174
372,2.0,False,False,1.3696529
373,3.0,False,False,1.4351377
374,3.0,False,False,1.3419483
375,3.0,False,False,1.3995174
376,2.0,False,False,1.3696529
377,6.0,False,True,1.7670984
378,4.0,False,False,1.4583223
379,2.3333333333333335,False,False,1.4145817
380,3.5,False,False,1.5145019
381,1.6,False,False,1.3175379
382,4.0,False,False,1.4583223
383,3.5,False,False,1.5145019
384,1.6,False,False,1.3175379
385,1.6,False,False,1.3175379
386,1.6,False,False,1.3175379
387,4.0,False,False,1.4583223
388,3.5,False,False,1.5909476
389,2.0,False,False,1.6572483
390,4.0,False,False,1.421053
391,4.0,False,False,1.421053
392,4.0,False,False,1.421053
393,2.6666666666666665,False,False,1.4841131
394,1.7999999999999998,False,False,1.3329653
395,1.7999999999999998,False,False,1.3329653
396,9.0,False,False,1.400863
397,1.2,False,False,1.1908991
398,1.2,False,False,1.1908991
399,1.2,False,False,1.1908991
400,1.2,False,False,1.1908991
401,1.2,False,False,1.1908991
402,inf,True,True,3.4838846
403,3.0,False,False,1.62493
404,2.3333333333333335,False,False,1.4145817
405,inf,True,True,10.245693
406,6.0,True,False,1.6173795
407,1.7999999999999998,False,False,1.3329653
408,1.7999999999999998,False,False,1.3329653
409,1.7999999999999998,False,False,1.3329653
410,1.7999999999999998,False,False,1.3329653
411,1.7999999999999998,False,False,1.3329653
412,1.7999999999999998,False,False,1.3329653
413,9.0,False,False,1.400863
414,1.2,False,False,1.1908991
415,1.2,False,False,1.1908991
416,1.2,False,False,1.1908991
417,1.2,False,False,1.1908991
418,1.2,False,False,1.1908991
419,6.0,False,False,1.6173795
420,1.7999999999999998,False,False,1.3329653
421,1.7999999999999998,False,False,1.3329653
422,3.0,False,False,1.375371
423,2.6666666666666665,False,False,1.5089087
424,6.0,False,False,1.6517916
425,2.0,False,False,1.6572483
426,2.6666666666666665,False,False,1.5089087
427,3.0,False,False,1.62493
428,2.3333333333333335,False,False,1.4145817
429,2.3333333333333335,False,False,1.4145817
430,2.3333333333333335,False,False,1.4145817
431,3.5,False,False,1.5145019
432,1.6,False,False,1.3175379
433,4.0,False,False,1.4583223
434,2.3333333333333335,False,False,1.4145817
435,3.5,False,False,1.5909476
436,3.0,False,False,1.62493
437,3.5,False,False,1.5145019
438,4.0,False,False,1.4583223
439,3.5,False,False,1.5909476
440,inf,True,True,26.787767
441,3.0,False,False,1.312083
442,3.0,False,False,1.3995174
443,6.0,False,True,1.7670984
444,4.0,False,False,1.4583223
445,3.5,False,False,1.5145019
446,1.6,False,False,1.3175379
447,1.6,False,False,1.3175379
448,1.6,False,False,1.3175379
449,1.6,False,False,1.3175379
450,1.6,False,False,1.3175379
451,1.6,False,False,1.3175379
452,1.6,False,False,1.3175379
453,1.6,False,False,1.3175379
454,4.0,False,False,1.4583223
455,3.5,False,False,1.5145019
456,1.6,False,False,1.3175379
457,1.6,False,False,1.3175379
458,8.0,False,True,1.8246723
459,3.0,False,False,1.4351377
460,3.0,False,False,1.3995174
461,3.0,False,False,1.4351377
462,3.0,False,False,1.3995174
463,2.0,False,False,1.3696529
464,2.0,False,False,1.3696529
465,2.0,False,False,1.3696529
466,2.0,False,False,1.3696529
467,2.0,False,False,1.3696529
468,inf,True,False,1.6140053
469,3.0,False,False,1.312083
470,3.0,False,False,1.3995174
471,6.0,False,True,1.7670984
472,1.6,False,False,1.3175379
473,1.6,True,False,1.3175379
474,1.6,False,False,1.3175379
475,1.6,False,False,1.3175379
476,4.0,False,False,1.4583223
477,2.3333333333333335,False,False,1.4145817
478,2.3333333333333335,False,False,1.4145817
479,2.3333333333333335,False,False,1.4145817
480,3.5,False,False,1.5909476
481,2.0,False,False,1.6572483
482,4.0,False,False,1.421053
483,2.6666666666666665,False,False,1.5089087
484,2.0,False,False,1.6572483
485,2.6666666666666665,False,False,1.5089087
486,3.0,False,False,1.62493
487,3.5,False,False,1.5909476
488,2.0,False,False,1.6572483
489,2.6666666666666665,False,False,1.5089087
490,6.0,False,False,1.6517916
491,3.0,False,False,1.62493
492,inf,True,True,3.4733913
493,3.0,False,False,1.4351377
494,3.0,False,False,1.3419483
495,3.0,False,False,1.3419483
496,3.0,False,False,1.3777659
497,2.0,False,False,1.2686981
498,3.0,False,False,1.312083
499,3.0,False,False,1.3995174
500,inf,True,True,16.58482
501,2.6666666666666665,False,False,1.4841131
502,3.0,False,False,1.375371
503,2.6666666666666665,False,False,1.4841131
504,1.7999999999999998,False,False,1.3329653
505,1.7999999999999998,False,False,1.3329653
506,1.7999999999999998,False,False,1.3329653
507,9.0,False,False,1.400863
508,6.0,False,False,1.6173795
509,9.0,False,False,1.400863
510,1.2,False,False,1.1908991
511,1.2,False,False,1.1908991
512,1.2,False,False,1.1908991
513,1.2,False,False,1.1908991
514,1.2,False,False,1.1908991
515,1.2,False,False,1.1908991
516,1.2,False,False,1.1908991
517,1.2,False,False,1.1908991
518,1.2,False,False,1.1908991
519,1.2,False,False,1.1908991
520,1.2,False,False,1.1908991
521,1.2,False,False,1.1908991
522,6.0,False,False,1.6173795
523,1.7999999999999998,False,False,1.3329653
524,3.0,False,False,1.375371
525,2.6666666666666665,False,False,1.4841131
526,9.0,False,False,1.400863
527,1.2,False,False,1.1908991
528,inf,True,True,25.227448
529,4.0,False,False,1.4583223
530,2.3333333333333335,False,False,1.4145817
531,3.5,False,False,1.5909476
532,3.0,False,False,1.62493
533,2.3333333333333335,False,False,1.4145817
534,3.5,False,False,1.5909476
535,2.0,False,False,1.6572483
536,4.0,False,False,1.421053
537,2.6666666666666665,False,False,1.5089087
538,3.0,False,False,1.62493
539,2.3333333333333335,False,False,1.4145817
540,3.5,False,False,1.5909476
541,6.0,False,False,1.6517916
542,3.0,False,False,1.62493
543,3.5,False,False,1.5909476
544,2.0,False,False,1.6572483
545,2.6666666666666665,False,False,1.4841131
546,1.7999999999999998,False,False,1.3329653
547,1.7999999999999998,False,False,1.3329653
548,1.7999999999999998,False,False,1.3329653
549,3.0,False,False,1.375371
550,2.6666666666666665,False,False,1.4841131
551,1.7999999999999998,False,False,1.3329653
552,3.0,False,False,1.375371
553,2.6666666666666665,False,False,1.5089087
554,2.0,False,False,1.6572483
555,2.6666666666666665,False,False,1.5089087
556,3.0,False,False,1.62493
557,3.5,False,False,1.5909476
558,3.0,False,False,1.62493
559,2.3333333333333335,False,False,1.4145817
560,3.5,False,False,1.5145019
561,1.6,False,False,1.3175379
562,1.6,False,False,1.3175379
563,1.6,False,False,1.3175379
564,1.6,False,False,1.3175379
565,1.6,False,False,1.3175379
566,1.6,False,False,1.3175379
567,1.6,False,False,1.3175379
568,8.0,False,True,1.8246723
569,2.0,False,False,1.3696529
570,2.0,False,False,1.3696529
571,2.0,False,False,1.3696529
572,2.0,False,False,1.3696529
573,3.0,False,False,1.4351377
574,3.0,False,False,1.3419483
575,3.0,False,False,1.3419483
576,3.0,False,False,1.3995174
577,3.0,False,False,1.4351377
578,3.0,False,False,1.3777659
579,2.0,False,False,1.2686981
580,2.0,False,False,1.2686981
581,3.0,False,False,1.312083
582,3.0,False,False,1.3419483
583,3.0,False,False,1.3995174
584,2.0,False,False,1.3696529
585,2.0,False,False,1.3696529
586,2.0,False,False,1.3696529
587,2.0,False,False,1.3696529
588,3.0,False,False,1.4351377
589,3.0,False,False,1.3995174
590,6.0,False,True,1.7670984
591,8.0,False,True,1.8246723
592,2.0,False,False,1.3696529
593,6.0,False,True,1.7670984
594,4.0,False,False,1.4583223
595,3.5,False,False,1.5145019
596,1.6,False,False,1.3175379
597,1.6,False,False,1.3175379
598,1.6,False,False,1.3175379
599,8.0,False,True,1.8246723
600,2.0,False,False,1.3696529
601,6.0,False,True,1.7670984
602,4.0,False,False,1.4583223
603,2.3333333333333335,False,False,1.4145817
604,3.5,False,False,1.5145019
605,1.6,False,False,1.3175379
606,4.0,False,False,1.4583223
607,3.5,False,False,1.5909476
608,2.0,False,False,1.6572483
609,4.0,False,False,1.421053
610,2.6666666666666665,False,False,1.4841131
611,3.0,False,False,1.375371
612,2.6666666666666665,False,False,1.5089087
613,2.0,False,False,1.6572483
614,2.6666666666666665,False,False,1.5089087
615,3.0,False,False,1.62493
616,3.5,False,False,1.5909476
617,3.0,False,False,1.62493
618,2.3333333333333335,False,False,1.4145817
619,3.5,False,False,1.5909476
620,2.0,False,False,1.6572483
621,2.6666666666666665,False,False,1.5089087
622,2.0,False,False,1.6572483
623,2.6666666666666665,False,False,1.5089087
624,3.0,False,False,1.62493
625,2.3333333333333335,False,False,1.4145817
626,3.5,False,False,1.5145019
627,4.0,False,False,1.4583223
628,3.5,False,False,1.5145019
629,8.0,False,True,1.8246723
630,2.0,False,False,1.3696529
631,2.0,False,False,1.3696529
632,6.0,False,True,1.7670984
633,1.6,False,False,1.3175379
634,1.6,False,False,1.3175379
635,4.0,False,False,1.4583223
636,2.3333333333333335,False,False,1.4145817
637,3.5,False,False,1.5145019
638,1.6,False,False,1.3175379
639,4.0,False,False,1.4583223
640,3.5,False,False,1.5145019
641,1.6,False,False,1.3175379
642,1.6,False,False,1.3175379
643,1.6,False,False,1.3175379
644,1.6,False,False,1.3175379
645,1.6,False,False,1.3175379
646,1.6,False,False,1.3175379
647,4.0,False,False,1.4583223
648,2.3333333333333335,False,False,1.4145817
649,3.5,False,False,1.5145019
650,8.0,False,True,1.8246723
651,3.0,False,False,1.4351377
652,3.0,False,False,1.3995174
653,2.0,False,False,1.3696529
654,6.0,False,True,1.7670984
655,1.6,False,False,1.3175379
656,1.6,False,False,1.3175379
657,inf,True,True,8.443356
658,3.0,False,False,1.0010641
659,6.0,False,False,1.3699887
660,1.5,False,False,1.0007646
661,1.5,False,False,1.0007646
662,inf,True,False,1.000834
663,3.0,False,False,1.4351377
664,3.0,False,False,1.3995174
665,2.0,False,False,1.3696529
666,3.0,False,False,1.4351377
667,3.0,False,False,1.3995174
668,2.0,False,False,1.3696529
669,2.0,False,False,1.3696529
670,2.0,False,False,1.3696529
671,3.0,False,False,1.4351377
672,3.0,False,False,1.3419483
673,3.0,False,False,1.3777659
674,2.0,False,False,1.2686981
675,2.0,False,False,1.2686981
676,3.0,False,False,1.312083
677,3.0,False,False,1.3777659
678,6.0,False,False,1.3699887
679,1.5,False,False,1.0007646
680,inf,True,False,1.2360858
681,2.0,False,False,1.6572483
682,4.0,False,False,1.421053
683,2.6666666666666665,False,False,1.5089087
684,2.0,False,False,1.6572483
685,2.6666666666666665,False,False,1.4841131
686,3.0,False,False,1.375371
687,2.6666666666666665,False,False,1.4841131
688,1.7999999999999998,False,False,1.3329653
689,1.7999999999999998,False,False,1.3329653
690,3.0,False,False,1.375371
691,4.0,False,False,1.421053
692,4.0,False,False,1.421053
693,inf,True,True,46.60331
694,1.5,False,False,1.0007646
695,1.5,False,False,1.0007646
696,1.5,False,False,1.0007646
697,1.5,False,False,1.0007646
698,1.5,False,False,1.0007646
699,1.5,False,False,1.0007646
700,3.0,False,False,1.0010641
701,3.0,False,False,1.312083
702,3.0,False,False,1.3777659
703,2.0,False,False,1.2686981
704,2.0,False,False,1.2686981
705,6.0,True,False,1.3699887
706,3.0,False,False,1.0010641
707,3.0,False,False,1.312083
708,3.0,False,False,1.3777659
709,3.0,False,False,1.312083
710,3.0,False,False,1.3777659
711,2.0,False,False,1.2686981
712,2.0,False,False,1.2686981
713,6.0,False,False,1.3699887
714,1.5,False,False,1.0007646
715,3.0,False,False,1.0010641
716,6.0,False,False,1.3699887
717,3.0,False,False,1.0010641
718,2.0,False,False,1.2686981
719,3.0,False,False,1.312083
720,3.0,False,False,1.3419483
721,3.0,False,False,1.3419483
722,3.0,False,False,1.3777659
723,6.0,False,False,1.3699887
724,3.0,False,False,1.0010641
725,2.0,False,False,1.2686981
726,3.0,False,False,1.312083
727,3.0,False,False,1.3419483
728,3.0,False,False,1.3777659
729,2.0,True,False,1.2686981
730,2.0,False,False,1.2686981
731,2.0,False,False,1.2686981
732,3.0,False,False,1.312083
733,3.0,False,False,1.3995174
734,2.0,False,False,1.3696529
735,2.0,False,False,1.3696529
736,2.0,False,False,1.3696529
737,2.0,False,False,1.3696529
738,2.0,False,False,1.3696529
739,3.0,False,False,1.4351377
740,3.0,False,False,1.3419483
741,3.0,False,False,1.3777659
742,3.0,False,False,1.312083
743,3.0,False,False,1.3777659
744,2.0,False,False,1.2686981
745,6.0,False,False,1.3699887
746,inf,True,False,1.001086
747,3.0,False,False,1.3995174
748,6.0,False,True,1.7670984
749,1.6,False,False,1.3175379
750,8.0,False,True,1.8246723
751,2.0,False,False,1.3696529
752,3.0,False,False,1.4351377
753,3.0,False,False,1.3777659
754,2.0,False,False,1.2686981
755,3.0,False,False,1.312083
756,3.0,False,False,1.3419483
757,3.0,False,False,1.3995174
758,inf,True,True,16.58482
759,2.6666666666666665,False,False,1.4841131
760,inf,True,True,3.0473928
761,3.5,False,False,1.5909476
762,2.0,False,False,1.6572483
763,2.6666666666666665,False,False,1.5089087
764,2.0,False,False,1.6572483
765,4.0,False,False,1.421053
766,4.0,False,False,1.421053
767,2.6666666666666665,False,False,1.5089087
768,2.0,False,False,1.6572483
769,4.0,False,False,1.421053
770,4.0,False,False,1.421053
771,4.0,False,False,1.421053
772,2.6666666666666665,False,False,1.5089087
773,2.0,False,False,1.6572483
774,2.6666666666666665,False,False,1.4841131
775,1.7999999999999998,False,False,1.3329653
776,3.0,False,False,1.375371
777,4.0,False,False,1.421053
778,2.6666666666666665,False,False,1.4841131
779,3.0,False,False,1.375371
780,2.6666666666666665,False,False,1.4841131
781,3.0,False,False,1.375371
782,2.6666666666666665,False,False,1.5089087
783,3.0,False,False,1.62493
784,3.5,False,False,1.5909476
785,2.0,False,False,1.6572483
786,2.6666666666666665,False,False,1.4841131
787,3.0,False,False,1.375371
788,4.0,False,False,1.421053
789,2.6666666666666665,False,False,1.5089087
790,2.0,False,False,1.6572483
791,4.0,False,False,1.421053
792,2.6666666666666665,False,False,1.4841131
793,1.7999999999999998,False,False,1.3329653
794,1.7999999999999998,False,False,1.3329653
795,1.7999999999999998,False,False,1.3329653
796,1.7999999999999998,False,False,1.3329653
797,1.7999999999999998,True,False,1.3329653
798,9.0,False,False,1.400863
799,1.2,False,False,1.1908991
800,1.2,False,False,1.1908991
801,1.2,False,False,1.1908991
802,1.2,False,False,1.1908991
803,1.2,False,False,1.1908991
804,1.2,False,False,1.1908991
805,1.2,False,False,1.1908991
806,1.2,False,False,1.1908991
807,1.2,False,False,1.1908991
808,1.2,False,False,1.1908991
809,6.0,False,False,1.6173795
810,9.0,False,False,1.400863
811,1.2,False,False,1.1908991
812,1.2,False,False,1.1908991
813,6.0,False,False,1.6173795
814,1.7999999999999998,False,False,1.3329653
815,1.7999999999999998,False,False,1.3329653
816,1.7999999999999998,False,False,1.3329653
817,3.0,False,False,1.375371
818,2.6666666666666665,False,False,1.5089087
819,6.0,False,False,1.6517916
820,3.0,False,False,1.62493
821,3.5,False,False,1.5145019
822,4.0,False,False,1.4583223
823,inf,True,True,24.82392
824,1.5,False,False,1.0007646
825,1.5,False,False,1.0007646
826,3.0,False,False,1.0010641
827,6.0,False,False,1.3699887
828,3.0,False,False,1.0010641
829,6.0,False,False,1.3699887
830,1.5,False,False,1.0007646
831,1.5,False,False,1.0007646
832,1.5,False,False,1.0007646
833,3.0,False,False,1.0010641
834,2.0,False,False,1.2686981
835,3.0,False,False,1.312083
836,3.0,False,False,1.3419483
837,3.0,False,False,1.3995174
838,2.0,False,False,1.3696529
839,2.0,False,False,1.3696529
840,2.0,False,False,1.3696529
841,3.0,False,False,1.4351377
842,3.0,False,False,1.3419483
843,3.0,False,False,1.3777659
844,2.0,False,False,1.2686981
845,6.0,False,False,1.3699887
846,3.0,False,False,1.0010641
847,2.0,False,False,1.2686981
848,2.0,False,False,1.2686981
849,2.0,False,False,1.2686981
850,2.0,False,False,1.2686981
851,3.0,False,False,1.312083
852,3.0,False,False,1.3419483
853,3.0,False,False,1.3777659
854,6.0,False,False,1.3699887
855,1.5,False,False,1.0007646
856,1.5,False,False,1.0007646
857,3.0,False,False,1.0010641
858,inf,True,True,23.178535
859,6.0,False,False,1.6517916
860,3.0,False,False,1.62493
861,3.5,False,False,1.5145019
862,1.6,False,False,1.3175379
863,1.6,False,False,1.3175379
864,1.6,False,False,1.3175379
865,1.6,False,False,1.3175379
866,1.6,False,False,1.3175379
867,1.6,False,False,1.3175379
868,1.6,False,False,1.3175379
869,4.0,False,False,1.4583223
870,2.3333333333333335,False,False,1.4145817
871,2.3333333333333335,False,False,1.4145817
872,2.3333333333333335,False,False,1.4145817
873,2.3333333333333335,False,False,1.4145817
874,2.3333333333333335,False,False,1.4145817
875,3.5,False,False,1.5909476
876,3.0,False,False,1.62493
877,2.3333333333333335,False,False,1.4145817
878,2.3333333333333335,False,False,1.4145817
879,2.3333333333333335,False,False,1.4145817
880,3.5,False,False,1.5145019
881,1.6,False,False,1.3175379
882,1.6,False,False,1.3175379
883,1.6,False,False,1.3175379
884,8.0,False,True,1.8246723
885,2.0,False,False,1.3696529
886,2.0,False,False,1.3696529
887,2.0,False,False,1.3696529
888,2.0,False,False,1.3696529
889,3.0,False,False,1.4351377
890,3.0,False,False,1.3419483
891,3.0,False,False,1.3995174
892,2.0,False,False,1.3696529
893,2.0,False,False,1.3696529
894,2.0,False,False,1.3696529
895,3.0,False,False,1.4351377
896,3.0,False,False,1.3995174
897,2.0,False,False,1.3696529
898,2.0,False,False,1.3696529
899,2.0,False,False,1.3696529
900,3.0,False,False,1.4351377
901,inf,True,True,12.015826
902,2.0,False,False,1.6572483
903,2.6666666666666665,False,False,1.5089087
904,2.0,False,False,1.6572483
905,2.6666666666666665,False,False,1.5089087
906,6.0,False,False,1.6517916
907,3.0,False,False,1.62493
908,3.5,False,False,1.5145019
909,1.6,False,False,1.3175379
910,4.0,False,False,1.4583223
911,2.3333333333333335,False,False,1.4145817
912,3.5,False,False,1.5145019
913,1.6,False,False,1.3175379
914,1.6,False,False,1.3175379
915,4.0,False,False,1.4583223
916,3.5,False,False,1.5909476
917,6.0,False,False,1.6517916
918,2.0,False,False,1.6572483
919,4.0,False,False,1.421053
920,4.0,False,False,1.421053
921,4.0,False,False,1.421053
922,2.6666666666666665,False,False,1.4841131
923,1.7999999999999998,False,False,1.3329653
924,1.7999999999999998,False,False,1.3329653
925,3.0,False,False,1.375371
926,inf,True,True,4.208568
927,4.0,False,False,1.4583223
928,3.5,False,False,1.5145019
929,inf,True,True,3.904778
930,2.6666666666666665,False,False,1.5089087
931,2.0,False,False,1.6572483
932,2.6666666666666665,False,False,1.4841131
933,1.7999999999999998,False,False,1.3329653
934,3.0,False,False,1.375371
935,2.6666666666666665,False,False,1.4841131
936,1.7999999999999998,False,False,1.3329653
937,3.0,False,False,1.375371
938,4.0,False,False,1.421053
939,2.6666666666666665,False,False,1.4841131
940,1.7999999999999998,False,False,1.3329653
941,3.0,False,False,1.375371
942,4.0,False,False,1.421053
943,4.0,False,False,1.421053
944,2.6666666666666665,False,False,1.5089087
945,3.0,False,False,1.62493
946,3.5,False,False,1.5909476
947,3.0,False,False,1.62493
948,3.5,False,False,1.5909476
949,3.0,False,False,1.62493
950,3.5,False,False,1.5909476
951,3.0,False,False,1.62493
952,3.5,False,False,1.5145019
953,1.6,False,False,1.3175379
954,1.6,False,False,1.3175379
955,8.0,False,True,1.8246723
956,3.0,False,False,1.4351377
957,3.0,False,False,1.3995174
958,2.0,False,False,1.3696529
959,2.0,False,False,1.3696529
960,2.0,False,False,1.3696529
961,3.0,False,False,1.4351377
962,3.0,False,False,1.3995174
963,3.0,False,False,1.4351377
964,3.0,False,False,1.3777659
965,inf,True,True,23.178535
966,2.0,False,False,1.6572483
967,2.6666666666666665,False,False,1.5089087
968,2.0,False,False,1.6572483
969,2.6666666666666665,False,False,1.5089087
970,3.0,False,False,1.62493
971,3.5,False,False,1.5909476
972,2.0,False,False,1.6572483
973,2.6666666666666665,True,False,1.4841131
974,inf,True,True,7.645251
975,4.0,False,False,1.4583223
976,2.3333333333333335,False,False,1.4145817
977,3.5,False,False,1.5145019
978,4.0,False,False,1.4583223
979,3.5,False,False,1.5145019
980,4.0,False,False,1.4583223
981,3.5,False,False,1.5145019
982,1.6,False,False,1.3175379
983,1.6,False,False,1.3175379
984,4.0,False,False,1.4583223
985,2.3333333333333335,False,False,1.4145817
986,3.5,False,False,1.5145019
987,1.6,False,False,1.3175379
988,1.6,False,False,1.3175379
989,8.0,False,True,1.8246723
990,2.0,False,False,1.3696529
991,6.0,False,True,1.7670984
992,4.0,False,False,1.4583223
993,2.3333333333333335,False,False,1.4145817
994,2.3333333333333335,False,False,1.4145817
995,2.3333333333333335,False,False,1.4145817
996,3.5,False,False,1.5145019
997,1.6,False,False,1.3175379
998,1.6,False,False,1.3175379
999,1.6,False,False,1.3175379
1000,1.6,False,False,1.3175379
1001,1.6,False,False,1.3175379
1002,8.0,False,True,1.8246723
1003,6.0,False,True,1.7670984
1004,1.6,False,False,1.3175379
1005,4.0,True,False,1.4583223
1006,3.5,False,False,1.5909476
1007,2.0,False,False,1.6572483
1008,2.6666666666666665,False,False,1.5089087
1009,2.0,False,False,1.6572483
1010,2.6666666666666665,False,False,1.5089087
1011,6.0,False,False,1.6517916
1012,2.0,False,False,1.6572483
1013,2.6666666666666665,False,False,1.4841131
1014,1.7999999999999998,False,False,1.3329653
1015,1.7999999999999998,False,False,1.3329653
1016,1.7999999999999998,False,False,1.3329653
1017,3.0,False,False,1.375371
1018,4.0,False,False,1.421053
1019,2.6666666666666665,False,False,1.4841131
1020,3.0,False,False,1.375371
1021,2.6666666666666665,False,False,1.4841131
1022,3.0,False,False,1.375371
1023,2.6666666666666665,False,False,1.5089087
1024,6.0,False,False,1.6517916
1025,2.0,False,False,1.6572483
1026,2.6666666666666665,False,False,1.4841131
1027,3.0,False,False,1.375371
1028,2.6666666666666665,False,False,1.5089087
1029,3.0,False,False,1.62493
1030,3.5,False,False,1.5909476
1031,inf,True,True,3.5444734
1032,1.2,False,False,1.1908991
1033,1.2,False,False,1.1908991
1034,1.2,False,False,1.1908991
1035,1.2,False,False,1.1908991
1036,6.0,False,False,1.6173795
1037,1.7999999999999998,False,False,1.3329653
1038,1.7999999999999998,False,False,1.3329653
1039,3.0,False,False,1.375371
1040,4.0,False,False,1.421053
1041,2.6666666666666665,False,False,1.5089087
1042,3.0,False,False,1.62493
1043,2.3333333333333335,False,False,1.4145817
1044,2.3333333333333335,False,False,1.4145817
1045,2.3333333333333335,False,False,1.4145817
1046,3.5,False,False,1.5145019
1047,1.6,False,False,1.3175379
1048,8.0,False,True,1.8246723
1049,2.0,True,False,1.3696529
1050,2.0,False,False,1.3696529
1051,3.0,False,False,1.4351377
1052,3.0,False,False,1.3777659
1053,inf,True,True,46.577324
1054,3.0,False,False,1.375371
1055,2.6666666666666665,False,False,1.5089087
1056,2.0,False,False,1.6572483
1057,2.6666666666666665,False,False,1.4841131
1058,inf,True,True,7.645251
1059,1.6,False,False,1.3175379
1060,1.6,False,False,1.3175379
1061,1.6,True,False,1.3175379
1062,1.6,False,False,1.3175379
1063,8.0,False,True,1.8246723
1064,2.0,False,False,1.3696529
1065,3.0,False,False,1.4351377
1066,3.0,False,False,1.3995174
1067,3.0,False,False,1.4351377
1068,3.0,False,False,1.3995174
1069,2.0,False,False,1.3696529
1070,2.0,False,False,1.3696529
1071,2.0,False,False,1.3696529
1072,3.0,False,False,1.4351377
1073,3.0,False,False,1.3995174
1074,2.0,False,False,1.3696529
1075,3.0,False,False,1.4351377
1076,3.0,False,False,1.3995174
1077,6.0,False,True,1.7670984
1078,1.6,False,False,1.3175379
1079,4.0,False,False,1.4583223
1080,3.5,False,False,1.5909476
1081,2.0,False,False,1.6572483
1082,2.6666666666666665,True,False,1.5089087
1083,3.0,False,False,1.62493
1084,3.5,False,False,1.5145019
1085,1.6,False,False,1.3175379
1086,1.6,False,False,1.3175379
1087,8.0,False,True,1.8246723
1088,2.0,False,False,1.3696529
1089,2.0,False,False,1.3696529
1090,6.0,False,True,1.7670984
1091,1.6,False,False,1.3175379
1092,1.6,False,False,1.3175379
1093,1.6,False,False,1.3175379
1094,1.6,False,False,1.3175379
1095,4.0,False,False,1.4583223
1096,2.3333333333333335,False,False,1.4145817
1097,2.3333333333333335,False,False,1.4145817
1098,3.5,False,False,1.5909476
1099,3.0,False,False,1.62493
1100,3.5,False,False,1.5909476
1101,3.0,False,False,1.62493
1102,2.3333333333333335,False,False,1.4145817
1103,3.5,False,False,1.5909476
1104,6.0,False,False,1.6517916
1105,3.0,False,False,1.62493
1106,3.5,False,False,1.5909476
1107,3.0,False,False,1.62493
1108,3.5,False,False,1.5909476
1109,2.0,False,False,1.6572483
1110,2.6666666666666665,False,False,1.4841131
1111,1.7999999999999998,False,False,1.3329653
1112,1.7999999999999998,False,False,1.3329653
1113,3.0,False,False,1.375371
1114,2.6666666666666665,False,False,1.5089087
1115,6.0,False,False,1.6517916
1116,6.0,False,False,1.6517916
1117,6.0,False,False,1.6517916
1118,3.0,False,False,1.62493
1119,2.3333333333333335,False,False,1.4145817
1120,3.5,False,False,1.5909476
1121,2.0,False,False,1.6572483
1122,2.6666666666666665,False,False,1.4841131
1123,1.7999999999999998,False,False,1.3329653
1124,1.7999999999999998,False,False,1.3329653
1125,9.0,False,False,1.400863
1126,1.2,False,False,1.1908991
1127,1.2,False,False,1.1908991
1128,1.2,False,False,1.1908991
1129,1.2,False,False,1.1908991
1130,1.2,False,False,1.1908991
1131,6.0,False,False,1.6173795
1132,1.7999999999999998,False,False,1.3329653
1133,3.0,False,False,1.375371
1134,2.6666666666666665,False,False,1.4841131
1135,1.7999999999999998,False,False,1.3329653
1136,inf,True,True,3.0473928
1137,2.3333333333333335,False,False,1.4145817
1138,3.5,False,False,1.5145019
1139,1.6,False,False,1.3175379
1140,8.0,True,True,1.8246723
1141,2.0,False,False,1.3696529
1142,3.0,False,False,1.4351377
1143,3.0,False,False,1.3419483
1144,3.0,False,False,1.3419483
1145,3.0,False,False,1.3419483
1146,3.0,False,False,1.3419483
1147,3.0,False,False,1.3419483
1148,3.0,False,False,1.3419483
1149,3.0,False,False,1.3777659
1150,2.0,False,False,1.2686981
1151,6.0,False,False,1.3699887
1152,3.0,False,False,1.0010641
1153,2.0,False,False,1.2686981
1154,2.0,False,False,1.2686981
1155,6.0,False,False,1.3699887
1156,1.5,False,False,1.0007646
1157,3.0,False,False,1.0010641
1158,2.0,False,False,1.2686981
1159,2.0,False,False,1.2686981
1160,2.0,False,False,1.2686981
1161,6.0,False,False,1.3699887
1162,1.5,False,False,1.0007646
1163,3.0,False,False,1.0010641
1164,3.0,True,False,1.312083
1165,3.0,False,False,1.3777659
1166,6.0,False,False,1.3699887
1167,1.5,False,False,1.0007646
1168,1.5,False,False,1.0007646
1169,1.5,False,False,1.0007646
1170,1.5,False,False,1.0007646
1171,1.5,False,False,1.0007646
1172,3.0,False,False,1.0010641
1173,3.0,False,False,1.312083
1174,3.0,True,False,1.3777659
1175,3.0,False,False,1.312083
1176,3.0,False,False,1.3419483
1177,3.0,False,False,1.3777659
1178,3.0,False,False,1.312083
1179,3.0,False,False,1.3995174
1180,2.0,False,False,1.3696529
1181,2.0,False,False,1.3696529
1182,2.0,False,False,1.3696529
1183,2.0,False,False,1.3696529
1184,3.0,False,False,1.4351377
1185,3.0,False,False,1.3419483
1186,3.0,False,False,1.3419483
1187,3.0,False,False,1.3777659
1188,3.0,True,False,1.312083
1189,3.0,False,False,1.3995174
1190,3.0,False,False,1.4351377
1191,3.0,False,False,1.3419483
1192,3.0,False,False,1.3777659
1193,2.0,False,False,1.2686981
1194,2.0,False,False,1.2686981
1195,3.0,False,False,1.312083
1196,3.0,False,False,1.3419483
1197,3.0,False,False,1.3419483
1198,3.0,False,False,1.3419483
1199,3.0,False,False,1.3419483
1200,3.0,False,False,1.3419483
1201,3.0,False,False,1.3777659
1202,2.0,False,False,1.2686981
1203,6.0,False,False,1.3699887
1204,1.5,False,False,1.0007646
1205,3.0,False,False,1.0010641
1206,2.0,False,False,1.2686981
1207,6.0,False,False,1.3699887
1208,inf,True,True,4.558369
1209,1.7999999999999998,False,False,1.3329653
1210,3.0,False,False,1.375371
1211,2.6666666666666665,False,False,1.4841131
1212,1.7999999999999998,False,False,1.3329653
1213,1.7999999999999998,False,False,1.3329653
1214,1.7999999999999998,False,False,1.3329653
1215,3.0,False,False,1.375371
1216,4.0,False,False,1.421053
1217,4.0,False,False,1.421053
1218,2.6666666666666665,False,False,1.5089087
1219,6.0,False,False,1.6517916
1220,2.0,False,False,1.6572483
1221,2.6666666666666665,False,False,1.4841131
1222,3.0,False,False,1.375371
1223,2.6666666666666665,False,False,1.4841131
1224,1.7999999999999998,False,False,1.3329653
1225,1.7999999999999998,False,False,1.3329653
1226,1.7999999999999998,False,False,1.3329653
1227,1.7999999999999998,False,False,1.3329653
1228,9.0,False,False,1.400863
1229,6.0,False,False,1.6173795
1230,9.0,False,False,1.400863
1231,1.2,False,False,1.1908991
1232,1.2,False,False,1.1908991
1233,1.2,False,False,1.1908991
1234,1.2,False,False,1.1908991
1235,inf,True,True,3.4838846
1236,2.0,False,False,1.6572483
1237,2.6666666666666665,False,False,1.5089087
1238,6.0,False,False,1.6517916
1239,2.0,False,False,1.6572483
1240,2.6666666666666665,False,False,1.5089087
1241,2.0,True,False,1.6572483
1242,2.6666666666666665,False,False,1.4841131
1243,9.0,False,False,1.400863
1244,1.2,False,False,1.1908991
1245,1.2,False,False,1.1908991
1246,1.2,False,False,1.1908991
1247,6.0,False,False,1.6173795
1248,1.7999999999999998,False,False,1.3329653
1249,3.0,False,False,1.375371
1250,2.6666666666666665,False,False,1.5089087
1251,2.0,False,False,1.6572483
1252,2.6666666666666665,False,False,1.4841131
1253,9.0,True,False,1.400863
1254,1.2,False,False,1.1908991
1255,1.2,False,False,1.1908991
1256,1.2,False,False,1.1908991
1257,1.2,False,False,1.1908991
1258,1.2,False,False,1.1908991
1259,1.2,False,False,1.1908991
1260,6.0,False,False,1.6173795
1261,1.7999999999999998,False,False,1.3329653
1262,1.7999999999999998,False,False,1.3329653
1263,1.7999999999999998,False,False,1.3329653
1264,1.7999999999999998,False,False,1.3329653
1265,9.0,False,False,1.400863
1266,1.2,False,False,1.1908991
1267,1.2,False,False,1.1908991
1268,1.2,False,False,1.1908991
1269,1.2,False,False,1.1908991
1270,inf,True,True,3.4838846
1271,6.0,False,False,1.6517916
1272,2.0,False,False,1.6572483
1273,2.6666666666666665,False,False,1.4841131
1274,3.0,False,False,1.375371
1275,4.0,False,False,1.421053
1276,2.6666666666666665,False,False,1.5089087
1277,6.0,False,False,1.6517916
1278,6.0,False,False,1.6517916
1279,2.0,False,False,1.6572483
1280,2.6666666666666665,False,False,1.5089087
1281,2.0,False,False,1.6572483
1282,2.6666666666666665,True,False,1.4841131
1283,9.0,False,False,1.400863
1284,1.2,False,False,1.1908991
1285,1.2,False,False,1.1908991
1286,1.2,False,False,1.1908991
1287,1.2,False,False,1.1908991
1288,1.2,False,False,1.1908991
1289,1.2,False,False,1.1908991
1290,6.0,False,False,1.6173795
1291,inf,True,True,45.45346
1292,3.0,False,False,1.3777659
1293,3.0,False,False,1.312083
1294,3.0,False,False,1.3995174
1295,6.0,False,True,1.7670984
1296,4.0,False,False,1.4583223
1297,3.5,False,False,1.5909476
1298,6.0,False,False,1.6517916
1299,6.0,False,False,1.6517916
1300,2.0,False,False,1.6572483
1301,4.0,False,False,1.421053
1302,2.6666666666666665,False,False,1.4841131
1303,1.7999999999999998,False,False,1.3329653
1304,3.0,False,False,1.375371
1305,4.0,False,False,1.421053
1306,4.0,False,False,1.421053
1307,4.0,False,False,1.421053
1308,2.6666666666666665,False,False,1.4841131
1309,9.0,False,False,1.400863
1310,1.2,False,False,1.1908991
1311,6.0,False,False,1.6173795
1312,1.7999999999999998,False,False,1.3329653
1313,3.0,False,False,1.375371
1314,4.0,False,False,1.421053
1315,2.6666666666666665,False,False,1.5089087
1316,3.0,False,False,1.62493
1317,2.3333333333333335,False,False,1.4145817
1318,2.3333333333333335,False,False,1.4145817
1319,2.3333333333333335,False,False,1.4145817
1320,2.3333333333333335,False,False,1.4145817
1321,3.5,False,False,1.5909476
1322,2.0,False,False,1.6572483
1323,2.6666666666666665,False,False,1.5089087
1324,2.0,False,False,1.6572483
1325,2.6666666666666665,False,False,1.4841131
1326,1.7999999999999998,False,False,1.3329653
1327,1.7999999999999998,False,False,1.3329653
1328,1.7999999999999998,False,False,1.3329653
1329,1.7999999999999998,False,False,1.3329653
1330,1.7999999999999998,False,False,1.3329653
1331,1.7999999999999998,False,False,1.3329653
1332,1.7999999999999998,False,False,1.3329653
1333,9.0,False,False,1.400863
1334,1.2,False,False,1.1908991
1335,1.2,False,False,1.1908991
1336,1.2,False,False,1.1908991
1337,1.2,False,False,1.1908991
1338,1.2,False,False,1.1908991
1339,1.2,False,False,1.1908991
1340,6.0,False,False,1.6173795
1341,9.0,False,False,1.400863
1342,1.2,False,False,1.1908991
1343,1.2,False,False,1.1908991
1344,1.2,False,False,1.1908991
1345,6.0,False,False,1.6173795
1346,3.0,True,False,1.375371
1347,4.0,False,False,1.421053
1348,2.6666666666666665,False,False,1.5089087
1349,3.0,False,False,1.62493
1350,3.5,False,False,1.5145019
1351,1.6,False,False,1.3175379
1352,1.6,False,False,1.3175379
1353,1.6,False,False,1.3175379
1354,1.6,False,False,1.3175379
1355,1.6,False,False,1.3175379
1356,1.6,False,False,1.3175379
1357,1.6,False,False,1.3175379
1358,1.6,False,False,1.3175379
1359,1.6,False,False,1.3175379
1360,1.6,False,False,1.3175379
1361,1.6,False,False,1.3175379
1362,1.6,False,False,1.3175379
1363,1.6,False,False,1.3175379
1364,4.0,False,False,1.4583223
1365,3.5,False,False,1.5145019
1366,8.0,False,True,1.8246723
1367,2.0,False,False,1.3696529
1368,6.0,False,True,1.7670984
1369,inf,True,True,2.0361943
1370,3.0,False,False,1.62493
1371,2.3333333333333335,False,False,1.4145817
1372,2.3333333333333335,False,False,1.4145817
1373,2.3333333333333335,False,False,1.4145817
1374,3.5,False,False,1.5909476
1375,6.0,False,False,1.6517916
1376,3.0,False,False,1.62493
1377,2.3333333333333335,False,False,1.4145817
1378,3.5,False,False,1.5145019
1379,1.6,False,False,1.3175379
1380,1.6,False,False,1.3175379
1381,1.6,False,False,1.3175379
1382,1.6,False,False,1.3175379
1383,1.6,False,False,1.3175379
1384,1.6,False,False,1.3175379
1385,1.6,False,False,1.3175379
1386,1.6,False,False,1.3175379
1387,1.6,False,False,1.3175379
1388,4.0,False,False,1.4583223
1389,2.3333333333333335,False,False,1.4145817
1390,3.5,False,False,1.5145019
1391,4.0,False,False,1.4583223
1392,3.5,False,False,1.5145019
1393,1.6,False,False,1.3175379
1394,1.6,False,False,1.3175379
1395,1.6,False,False,1.3175379
1396,4.0,False,False,1.4583223
1397,3.5,False,False,1.5145019
1398,8.0,False,True,1.8246723
1399,3.0,False,False,1.4351377
1400,3.0,False,False,1.3995174
1401,2.0,False,False,1.3696529
1402,6.0,False,True,1.7670984
1403,1.6,False,False,1.3175379
1404,4.0,True,False,1.4583223
1405,2.3333333333333335,False,False,1.4145817
1406,3.5,False,False,1.5145019
1407,4.0,False,False,1.4583223
1408,2.3333333333333335,False,False,1.4145817
1409,3.5,False,False,1.5145019
1410,4.0,False,False,1.4583223
1411,3.5,False,False,1.5909476
1412,2.0,False,False,1.6572483
1413,4.0,False,False,1.421053
1414,2.6666666666666665,False,False,1.4841131
1415,1.7999999999999998,False,False,1.3329653
1416,1.7999999999999998,False,False,1.3329653
1417,9.0,False,False,1.400863
1418,1.2,False,False,1.1908991
1419,1.2,False,False,1.1908991
1420,1.2,False,False,1.1908991
1421,6.0,False,False,1.6173795
1422,inf,True,True,31.078753
1423,2.0,False,False,1.3696529
1424,2.0,False,False,1.3696529
1425,2.0,False,False,1.3696529
1426,2.0,False,False,1.3696529
1427,2.0,False,False,1.3696529
1428,2.0,False,False,1.3696529
1429,2.0,False,False,1.3696529
1430,3.0,False,False,1.4351377
1431,3.0,False,False,1.3419483
1432,3.0,False,False,1.3419483
1433,3.0,False,False,1.3777659
1434,6.0,False,False,1.3699887
1435,1.5,False,False,1.0007646
1436,3.0,False,False,1.0010641
1437,6.0,False,False,1.3699887
1438,1.5,False,False,1.0007646
1439,1.5,False,False,1.0007646
1440,1.5,False,False,1.0007646
1441,1.5,False,False,1.0007646
1442,1.5,False,False,1.0007646
1443,3.0,False,False,1.0010641
1444,3.0,False,False,1.312083
1445,3.0,False,False,1.3777659
1446,2.0,False,False,1.2686981
1447,2.0,False,False,1.2686981
1448,2.0,False,False,1.2686981
1449,2.0,False,False,1.2686981
1450,3.0,False,False,1.312083
1451,3.0,False,False,1.3419483
1452,3.0,False,False,1.3777659
1453,3.0,False,False,1.312083
1454,3.0,False,False,1.3995174
1455,2.0,False,False,1.3696529
1456,3.0,False,False,1.4351377
1457,3.0,False,False,1.3777659
1458,6.0,False,False,1.3699887
1459,1.5,False,False,1.0007646
1460,1.5,False,False,1.0007646
1461,3.0,False,False,1.0010641
1462,2.0,False,False,1.2686981
1463,2.0,False,False,1.2686981
1464,6.0,False,False,1.3699887
1465,3.0,False,False,1.0010641
1466,2.0,False,False,1.2686981
1467,2.0,False,False,1.2686981
1468,6.0,True,False,1.3699887
1469,1.5,False,False,1.0007646
1470,1.5,False,False,1.0007646
1471,1.5,False,False,1.0007646
1472,1.5,False,False,1.0007646
1473,1.5,False,False,1.0007646
1474,1.5,False,False,1.0007646
1475,1.5,False,False,1.0007646
1476,1.5,False,False,1.0007646
1477,1.5,False,False,1.0007646
1478,1.5,False,False,1.0007646
1479,1.5,False,False,1.0007646
1480,1.5,False,False,1.0007646
1481,1.5,False,False,1.0007646
1482,1.5,False,False,1.0007646
1483,1.5,False,False,1.0007646
1484,1.5,False,False,1.0007646
1485,1.5,False,False,1.0007646
1486,3.0,False,False,1.0010641
1487,3.0,False,False,1.312083
1488,3.0,False,False,1.3419483
1489,3.0,False,False,1.3419483
1490,3.0,False,False,1.3995174
1491,6.0,False,True,1.7670984
1492,4.0,False,False,1.4583223
1493,3.5,False,False,1.5145019
1494,1.6,False,False,1.3175379
1495,inf,True,True,2.0361943
1496,3.0,False,False,1.62493
1497,3.5,False,False,1.5145019
1498,1.6,False,False,1.3175379
1499,8.0,False,True,1.8246723
1500,3.0,False,False,1.4351377
1501,3.0,False,False,1.3777659
1502,2.0,False,False,1.2686981
1503,2.0,False,False,1.2686981
1504,2.0,False,False,1.2686981
1505,2.0,False,False,1.2686981
1506,3.0,False,False,1.312083
1507,3.0,False,False,1.3419483
1508,3.0,False,False,1.3419483
1509,3.0,False,False,1.3777659
1510,3.0,False,False,1.312083
1511,3.0,False,False,1.3419483
1512,3.0,False,False,1.3777659
1513,2.0,False,False,1.2686981
1514,3.0,False,False,1.312083
1515,3.0,False,False,1.3995174
1516,2.0,False,False,1.3696529
1517,2.0,False,False,1.3696529
1518,3.0,False,False,1.4351377
1519,3.0,False,False,1.3995174
1520,3.0,False,False,1.4351377
1521,3.0,False,False,1.3777659
1522,6.0,False,False,1.3699887
1523,1.5,False,False,1.0007646
1524,1.5,False,False,1.0007646
1525,3.0,False,False,1.0010641
1526,3.0,False,False,1.312083
1527,3.0,False,False,1.3419483
1528,3.0,False,False,1.3419483
1529,3.0,False,False,1.3995174
1530,6.0,False,True,1.7670984
1531,1.6,False,False,1.3175379
1532,4.0,False,False,1.4583223
1533,2.3333333333333335,False,False,1.4145817
1534,2.3333333333333335,False,False,1.4145817
1535,2.3333333333333335,False,False,1.4145817
1536,3.5,False,False,1.5145019
1537,1.6,False,False,1.3175379
1538,8.0,False,True,1.8246723
1539,2.0,False,False,1.3696529
1540,6.0,False,True,1.7670984
1541,1.6,False,False,1.3175379
1542,4.0,False,False,1.4583223
1543,2.3333333333333335,False,False,1.4145817
1544,2.3333333333333335,False,False,1.4145817
1545,3.5,False,False,1.5909476
1546,2.0,False,False,1.6572483
1547,2.6666666666666665,False,False,1.4841131
1548,1.7999999999999998,False,False,1.3329653
1549,3.0,False,False,1.375371
1550,2.6666666666666665,False,False,1.5089087
1551,3.0,False,False,1.62493
1552,3.5,True,False,1.5145019
1553,inf,True,True,7.5970807
1554,9.0,False,False,1.400863
1555,1.2,False,False,1.1908991
1556,6.0,False,False,1.6173795
1557,inf,True,True,31.078753
1558,3.0,False,False,1.4351377
1559,3.0,False,False,1.3419483
1560,3.0,False,False,1.3419483
1561,3.0,False,False,1.3419483
1562,3.0,False,False,1.3777659
1563,6.0,False,False,1.3699887
1564,1.5,False,False,1.0007646
1565,1.5,False,False,1.0007646
1566,3.0,False,False,1.0010641
1567,2.0,False,False,1.2686981
1568,inf,True,True,46.577324
1569,3.0,False,False,1.375371
1570,2.6666666666666665,False,False,1.4841131
1571,1.7999999999999998,False,False,1.3329653
1572,1.7999999999999998,False,False,1.3329653
1573,1.7999999999999998,False,False,1.3329653
1574,1.7999999999999998,False,False,1.3329653
1575,9.0,False,False,1.400863
1576,1.2,False,False,1.1908991
1577,1.2,False,False,1.1908991
1578,1.2,False,False,1.1908991
1579,1.2,False,False,1.1908991
1580,inf,True,True,47.31931
1581,2.0,False,False,1.2686981
1582,3.0,False,False,1.312083
1583,inf,True,True,1.7275664
1584,1.5,False,False,1.0007646
1585,1.5,False,False,1.0007646
1586,3.0,False,False,1.0010641
1587,2.0,False,False,1.2686981
1588,3.0,False,False,1.312083
1589,3.0,False,False,1.3777659
1590,2.0,False,False,1.2686981
1591,2.0,False,False,1.2686981
1592,6.0,False,False,1.3699887
1593,1.5,False,False,1.0007646
1594,1.5,False,False,1.0007646
1595,3.0,False,False,1.0010641
1596,6.0,False,False,1.3699887
1597,1.5,False,False,1.0007646
1598,1.5,False,False,1.0007646
1599,3.0,False,False,1.0010641
1600,3.0,False,False,1.312083
1601,3.0,False,False,1.3995174
1602,6.0,False,True,1.7670984
1603,4.0,False,False,1.4583223
1604,2.3333333333333335,False,False,1.4145817
1605,2.3333333333333335,False,False,1.4145817
1606,3.5,False,False,1.5145019
1607,1.6,False,False,1.3175379
1608,8.0,False,True,1.8246723
1609,2.0,False,False,1.3696529
1610,2.0,False,False,1.3696529
1611,6.0,False,True,1.7670984
1612,inf,True,True,2.8754466
1613,3.0,False,False,1.3995174
1614,6.0,False,True,1.7670984
1615,4.0,False,False,1.4583223
1616,2.3333333333333335,False,False,1.4145817
1617,3.5,False,False,1.5145019
1618,8.0,False,True,1.8246723
1619,6.0,False,True,1.7670984
1620,4.0,False,False,1.4583223
1621,2.3333333333333335,False,False,1.4145817
1622,3.5,False,False,1.5145019
1623,1.6,False,False,1.3175379
1624,4.0,False,False,1.4583223
1625,3.5,False,False,1.5909476
1626,2.0,False,False,1.6572483
1627,2.6666666666666665,False,False,1.5089087
1628,3.0,False,False,1.62493
1629,2.3333333333333335,False,False,1.4145817
1630,3.5,False,False,1.5145019
1631,8.0,False,True,1.8246723
1632,2.0,False,False,1.3696529
1633,2.0,False,False,1.3696529
1634,6.0,False,True,1.7670984
1635,1.6,False,False,1.3175379
1636,4.0,False,False,1.4583223
1637,2.3333333333333335,False,False,1.4145817
1638,2.3333333333333335,False,False,1.4145817
1639,3.5,False,False,1.5145019
1640,1.6,False,False,1.3175379
1641,8.0,False,True,1.8246723
1642,3.0,False,False,1.4351377
1643,3.0,False,False,1.3995174
1644,2.0,False,False,1.3696529
1645,3.0,False,False,1.4351377
1646,3.0,False,False,1.3995174
1647,6.0,False,True,1.7670984
1648,1.6,False,False,1.3175379
1649,1.6,False,False,1.3175379
1650,1.6,False,False,1.3175379
1651,4.0,False,False,1.4583223
1652,2.3333333333333335,False,False,1.4145817
1653,2.3333333333333335,False,False,1.4145817
1654,2.3333333333333335,False,False,1.4145817
1655,3.5,False,False,1.5145019
1656,1.6,False,False,1.3175379
1657,1.6,False,False,1.3175379
1658,1.6,False,False,1.3175379
1659,1.6,False,False,1.3175379
1660,1.6,False,False,1.3175379
1661,1.6,False,False,1.3175379
1662,1.6,False,False,1.3175379
1663,1.6,False,False,1.3175379
1664,1.6,False,False,1.3175379
1665,inf,True,True,4.49698
1666,2.0,False,False,1.2686981
1667,2.0,False,False,1.2686981
1668,3.0,False,False,1.312083
1669,3.0,False,False,1.3995174
1670,6.0,False,True,1.7670984
1671,4.0,True,False,1.4583223
1672,3.5,False,False,1.5909476
1673,6.0,False,False,1.6517916
1674,3.0,False,False,1.62493
1675,2.3333333333333335,False,False,1.4145817
1676,3.5,False,False,1.5145019
1677,1.6,False,False,1.3175379
1678,1.6,False,False,1.3175379
1679,4.0,False,False,1.4583223
1680,3.5,False,False,1.5145019
1681,inf,True,True,8.443356
1682,3.0,False,False,1.0010641
1683,2.0,False,False,1.2686981
1684,2.0,False,False,1.2686981
1685,2.0,False,False,1.2686981
1686,6.0,False,False,1.3699887
1687,1.5,False,False,1.0007646
1688,inf,True,False,1.0026445
1689,8.0,False,True,1.8246723
1690,2.0,True,False,1.3696529
1691,6.0,False,True,1.7670984
1692,1.6,False,False,1.3175379
1693,1.6,False,False,1.3175379
1694,1.6,False,False,1.3175379
1695,4.0,False,False,1.4583223
1696,3.5,False,False,1.5145019
1697,1.6,False,False,1.3175379
1698,1.6,False,False,1.3175379
1699,4.0,False,False,1.4583223
1700,2.3333333333333335,False,False,1.4145817
1701,3.5,False,False,1.5145019
1702,4.0,False,False,1.4583223
1703,2.3333333333333335,False,False,1.4145817
1704,3.5,False,False,1.5909476
1705,2.0,False,False,1.6572483
1706,2.6666666666666665,False,False,1.4841131
1707,1.7999999999999998,False,False,1.3329653
1708,1.7999999999999998,False,False,1.3329653
1709,3.0,False,False,1.375371
1710,2.6666666666666665,False,False,1.4841131
1711,1.7999999999999998,False,False,1.3329653
1712,1.7999999999999998,False,False,1.3329653
1713,inf,True,True,1.6860418
1714,2.0,False,False,1.6572483
1715,2.6666666666666665,False,False,1.5089087
1716,2.0,False,False,1.6572483
1717,2.6666666666666665,True,False,1.4841131
1718,3.0,False,False,1.375371
1719,2.6666666666666665,False,False,1.4841131
1720,3.0,False,False,1.375371
1721,4.0,False,False,1.421053
1722,2.6666666666666665,False,False,1.5089087
1723,2.0,False,False,1.6572483
1724,2.6666666666666665,False,False,1.5089087
1725,3.0,False,False,1.62493
1726,3.5,False,False,1.5145019
1727,8.0,False,True,1.8246723
1728,inf,True,True,2.3499224
1729,1.5,False,False,1.0007646
1730,3.0,False,False,1.0010641
1731,3.0,False,False,1.312083
1732,3.0,False,False,1.3777659
1733,2.0,False,False,1.2686981
1734,2.0,False,False,1.2686981
1735,2.0,False,False,1.2686981
1736,2.0,False,False,1.2686981
1737,3.0,False,False,1.312083
1738,3.0,False,False,1.3777659
1739,2.0,False,False,1.2686981
1740,2.0,False,False,1.2686981
1741,2.0,False,False,1.2686981
1742,2.0,False,False,1.2686981
1743,6.0,False,False,1.3699887
1744,3.0,False,False,1.0010641
1745,6.0,False,False,1.3699887
1746,1.5,False,False,1.0007646
1747,1.5,False,False,1.0007646
1748,3.0,False,False,1.0010641
1749,2.0,False,False,1.2686981
1750,2.0,False,False,1.2686981
1751,2.0,False,False,1.2686981
1752,2.0,False,False,1.2686981
1753,2.0,False,False,1.2686981
1754,3.0,False,False,1.312083
1755,3.0,False,False,1.3777659
1756,2.0,False,False,1.2686981
1757,6.0,False,False,1.3699887
1758,3.0,False,False,1.0010641
1759,2.0,False,False,1.2686981
1760,3.0,False,False,1.312083
1761,3.0,False,False,1.3777659
1762,2.0,False,False,1.2686981
1763,3.0,False,False,1.312083
1764,3.0,False,False,1.3995174
1765,3.0,False,False,1.4351377
1766,inf,True,True,28.148298
1767,4.0,False,False,1.421053
1768,2.6666666666666665,False,False,1.4841131
1769,1.7999999999999998,False,False,1.3329653
1770,3.0,False,False,1.375371
1771,2.6666666666666665,False,False,1.4841131
1772,3.0,False,False,1.375371
1773,2.6666666666666665,False,False,1.5089087
1774,3.0,False,False,1.62493
1775,2.3333333333333335,False,False,1.4145817
1776,2.3333333333333335,False,False,1.4145817
1777,3.5,False,False,1.5909476
1778,2.0,False,False,1.6572483
1779,2.6666666666666665,False,False,1.5089087
1780,2.0,False,False,1.6572483
1781,2.6666666666666665,False,False,1.5089087
1782,2.0,False,False,1.6572483
1783,4.0,False,False,1.421053
1784,2.6666666666666665,False,False,1.4841131
1785,1.7999999999999998,False,False,1.3329653
1786,1.7999999999999998,False,False,1.3329653
1787,1.7999999999999998,False,False,1.3329653
1788,1.7999999999999998,False,False,1.3329653
1789,1.7999999999999998,False,False,1.3329653
1790,3.0,False,False,1.375371
1791,2.6666666666666665,False,False,1.4841131
1792,3.0,False,False,1.375371
1793,4.0,False,False,1.421053
1794,2.6666666666666665,False,False,1.5089087
1795,3.0,False,False,1.62493
1796,3.5,False,False,1.5909476
1797,2.0,False,False,1.6572483
1798,2.6666666666666665,False,False,1.5089087
1799,2.0,False,False,1.6572483
1800,2.6666666666666665,False,False,1.4841131
1801,1.7999999999999998,False,False,1.3329653
1802,1.7999999999999998,False,False,1.3329653
1803,1.7999999999999998,False,False,1.3329653
1804,3.0,False,False,1.375371
1805,4.0,False,False,1.421053
1806,2.6666666666666665,False,False,1.4841131
1807,1.7999999999999998,False,False,1.3329653
1808,1.7999999999999998,False,False,1.3329653
1809,3.0,False,False,1.375371
1810,2.6666666666666665,False,False,1.5089087
1811,2.0,False,False,1.6572483
1812,4.0,False,False,1.421053
1813,2.6666666666666665,False,False,1.4841131
1814,1.7999999999999998,False,False,1.3329653
1815,3.0,False,False,1.375371
1816,4.0,False,False,1.421053
1817,4.0,False,False,1.421053
1818,2.6666666666666665,False,False,1.5089087
1819,3.0,False,False,1.62493
1820,2.3333333333333335,False,False,1.4145817
1821,2.3333333333333335,False,False,1.4145817
1822,2.3333333333333335,False,False,1.4145817
1823,2.3333333333333335,False,False,1.4145817
1824,3.5,False,False,1.5145019
1825,8.0,False,True,1.8246723
1826,6.0,False,True,1.7670984
1827,1.6,False,False,1.3175379
1828,4.0,False,False,1.4583223
1829,3.5,True,False,1.5145019
1830,1.6,False,False,1.3175379
1831,1.6,False,False,1.3175379
1832,1.6,False,False,1.3175379
1833,1.6,False,False,1.3175379
1834,1.6,False,False,1.3175379
1835,4.0,False,False,1.4583223
1836,2.3333333333333335,False,False,1.4145817
1837,2.3333333333333335,False,False,1.4145817
1838,2.3333333333333335,False,False,1.4145817
1839,3.5,False,False,1.5909476
1840,3.0,False,False,1.62493
1841,3.5,False,False,1.5145019
1842,1.6,False,False,1.3175379
1843,1.6,False,False,1.3175379
1844,1.6,False,False,1.3175379
1845,1.6,False,False,1.3175379
1846,8.0,False,True,1.8246723
1847,2.0,False,False,1.3696529
1848,2.0,False,False,1.3696529
1849,2.0,False,False,1.3696529
1850,2.0,False,False,1.3696529
1851,6.0,False,True,1.7670984
1852,1.6,False,False,1.3175379
1853,1.6,False,False,1.3175379
1854,1.6,False,False,1.3175379
1855,1.6,False,False,1.3175379
1856,1.6,False,False,1.3175379
1857,1.6,False,False,1.3175379
1858,4.0,False,False,1.4583223
1859,3.5,False,False,1.5909476
1860,3.0,False,False,1.62493
1861,3.5,False,False,1.5909476
1862,3.0,False,False,1.62493
1863,3.5,False,False,1.5145019
1864,inf,True,True,2.0361943
1865,2.0,False,False,1.6572483
1866,inf,True,True,2.093545
1867,2.3333333333333335,False,False,1.4145817
1868,2.3333333333333335,False,False,1.4145817
1869,3.5,False,False,1.5909476
1870,6.0,False,False,1.6517916
1871,3.0,False,False,1.62493
1872,3.5,False,False,1.5909476
1873,3.0,False,False,1.62493
1874,3.5,False,False,1.5145019
1875,1.6,False,False,1.3175379
1876,inf,True,True,3.904778
1877,2.6666666666666665,False,False,1.5089087
1878,inf,True,True,3.5444734
1879,6.0,False,False,1.6173795
1880,1.7999999999999998,False,False,1.3329653
1881,3.0,False,False,1.375371
1882,2.6666666666666665,False,False,1.4841131
1883,1.7999999999999998,False,False,1.3329653
1884,3.0,True,False,1.375371
1885,2.6666666666666665,False,False,1.5089087
1886,2.0,False,False,1.6572483
1887,2.6666666666666665,False,False,1.5089087
1888,3.0,False,False,1.62493
1889,3.5,False,False,1.5909476
1890,2.0,False,False,1.6572483
1891,2.6666666666666665,False,False,1.4841131
1892,1.7999999999999998,False,False,1.3329653
1893,3.0,False,False,1.375371
1894,2.6666666666666665,False,False,1.4841131
1895,1.7999999999999998,False,False,1.3329653
1896,1.7999999999999998,False,False,1.3329653
1897,3.0,False,False,1.375371
1898,2.6666666666666665,False,False,1.4841131
1899,3.0,False,False,1.375371
1900,2.6666666666666665,False,False,1.5089087
1901,3.0,False,False,1.62493
1902,3.5,False,False,1.5909476
1903,2.0,False,False,1.6572483
1904,2.6666666666666665,False,False,1.5089087
1905,2.0,False,False,1.6572483
1906,2.6666666666666665,False,False,1.5089087
1907,2.0,False,False,1.6572483
1908,2.6666666666666665,False,False,1.5089087
1909,2.0,False,False,1.6572483
1910,2.6666666666666665,False,False,1.4841131
1911,1.7999999999999998,False,False,1.3329653
1912,1.7999999999999998,False,False,1.3329653
1913,1.7999999999999998,False,False,1.3329653
1914,3.0,False,False,1.375371
1915,2.6666666666666665,False,False,1.4841131
1916,1.7999999999999998,False,False,1.3329653
1917,9.0,False,False,1.400863
1918,1.2,False,False,1.1908991
1919,1.2,False,False,1.1908991
1920,6.0,False,False,1.6173795
1921,1.7999999999999998,False,False,1.3329653
1922,3.0,False,False,1.375371
1923,2.6666666666666665,False,False,1.5089087
1924,2.0,False,False,1.6572483
1925,2.6666666666666665,False,False,1.4841131
1926,9.0,False,False,1.400863
1927,1.2,False,False,1.1908991
1928,1.2,False,False,1.1908991
1929,1.2,True,False,1.1908991
1930,1.2,False,False,1.1908991
1931,1.2,False,False,1.1908991
1932,1.2,False,False,1.1908991
1933,1.2,False,False,1.1908991
1934,1.2,False,False,1.1908991
1935,1.2,False,False,1.1908991
1936,6.0,False,False,1.6173795
1937,1.7999999999999998,False,False,1.3329653
1938,9.0,False,False,1.400863
1939,1.2,False,False,1.1908991
1940,1.2,False,False,1.1908991
1941,6.0,False,False,1.6173795
1942,1.7999999999999998,False,False,1.3329653
1943,1.7999999999999998,False,False,1.3329653
1944,inf,True,True,7.645251
1945,1.6,False,False,1.3175379
1946,1.6,False,False,1.3175379
1947,8.0,False,True,1.8246723
1948,2.0,False,False,1.3696529
1949,2.0,False,False,1.3696529
1950,2.0,False,False,1.3696529
1951,3.0,False,False,1.4351377
1952,3.0,False,False,1.3995174
1953,2.0,False,False,1.3696529
1954,3.0,False,False,1.4351377
1955,3.0,False,False,1.3777659
1956,3.0,False,False,1.312083
1957,3.0,False,False,1.3419483
1958,3.0,False,False,1.3777659
1959,3.0,False,False,1.312083
1960,3.0,False,False,1.3777659
1961,3.0,False,False,1.312083
1962,3.0,False,False,1.3995174
1963,2.0,False,False,1.3696529
1964,3.0,False,False,1.4351377
1965,3.0,False,False,1.3777659
1966,3.0,False,False,1.312083
1967,3.0,False,False,1.3419483
1968,3.0,False,False,1.3419483
1969,3.0,False,False,1.3995174
1970,3.0,False,False,1.4351377
1971,3.0,False,False,1.3995174
1972,2.0,False,False,1.3696529
1973,2.0,False,False,1.3696529
1974,6.0,False,True,1.7670984
1975,inf,True,True,4.49698
1976,2.0,False,False,1.2686981
1977,2.0,False,False,1.2686981
1978,2.0,False,False,1.2686981
1979,3.0,False,False,1.312083
1980,3.0,False,False,1.3419483
1981,inf,True,True,12.015826
1982,3.0,False,False,1.62493
1983,3.5,False,False,1.5909476
1984,3.0,False,False,1.62493
1985,3.5,False,False,1.5909476
1986,2.0,False,False,1.6572483
1987,4.0,False,False,1.421053
1988,2.6666666666666665,False,False,1.4841131
1989,1.7999999999999998,False,False,1.3329653
1990,9.0,True,False,1.400863
1991,1.2,False,False,1.1908991
1992,1.2,False,False,1.1908991
1993,1.2,False,False,1.1908991
1994,6.0,False,False,1.6173795
1995,3.0,False,False,1.375371
1996,2.6666666666666665,False,False,1.4841131
1997,3.0,False,False,1.375371
1998,4.0,False,False,1.421053
1999,2.6666666666666665,False,False,1.4841131
2000,1.7999999999999998,False,False,1.3329653
2001,inf,True,True,1.6860418
2002,3.0,False,False,1.62493
2003,3.5,False,False,1.5909476
2004,3.0,False,False,1.62493
2005,3.5,False,False,1.5909476
2006,2.0,False,False,1.6572483
2007,2.6666666666666665,False,False,1.5089087
2008,6.0,False,False,1.6517916
2009,2.0,False,False,1.6572483
2010,2.6666666666666665,False,False,1.5089087
2011,3.0,False,False,1.62493
2012,3.5,False,False,1.5909476
2013,3.0,False,False,1.62493
2014,2.3333333333333335,False,False,1.4145817
2015,2.3333333333333335,True,False,1.4145817
2016,2.3333333333333335,False,False,1.4145817
2017,2.3333333333333335,False,False,1.4145817
2018,3.5,False,False,1.5909476
2019,2.0,False,False,1.6572483
2020,2.6666666666666665,False,False,1.4841131
2021,1.7999999999999998,False,False,1.3329653
2022,1.7999999999999998,False,False,1.3329653
2023,9.0,False,False,1.400863
2024,6.0,False,False,1.6173795
2025,1.7999999999999998,False,False,1.3329653
2026,1.7999999999999998,False,False,1.3329653
2027,1.7999999999999998,False,False,1.3329653
2028,1.7999999999999998,False,False,1.3329653
2029,1.7999999999999998,False,False,1.3329653
2030,1.7999999999999998,False,False,1.3329653
2031,3.0,False,False,1.375371
2032,2.6666666666666665,False,False,1.4841131
2033,1.7999999999999998,False,False,1.3329653
2034,3.0,False,False,1.375371
2035,2.6666666666666665,False,False,1.4841131
2036,3.0,False,False,1.375371
2037,2.6666666666666665,False,False,1.4841131
2038,1.7999999999999998,False,False,1.3329653
2039,1.7999999999999998,False,False,1.3329653
2040,3.0,False,False,1.375371
2041,4.0,False,False,1.421053
2042,2.6666666666666665,False,False,1.5089087
2043,2.0,False,False,1.6572483
2044,4.0,False,False,1.421053
2045,2.6666666666666665,False,False,1.5089087
2046,2.0,False,False,1.6572483
2047,2.6666666666666665,False,False,1.4841131
2048,1.7999999999999998,False,False,1.3329653
2049,3.0,False,False,1.375371
2050,2.6666666666666665,True,False,1.5089087
2051,3.0,False,False,1.62493
2052,2.3333333333333335,False,False,1.4145817
2053,3.5,False,False,1.5909476
2054,2.0,False,False,1.6572483
2055,2.6666666666666665,False,False,1.5089087
2056,2.0,False,False,1.6572483
2057,4.0,False,False,1.421053
2058,2.6666666666666665,False,False,1.5089087
2059,inf,True,True,2.0263774
2060,3.0,False,False,1.375371
2061,2.6666666666666665,False,False,1.4841131
2062,3.0,False,False,1.375371
2063,4.0,False,False,1.421053
2064,2.6666666666666665,False,False,1.5089087
2065,6.0,False,False,1.6517916
2066,2.0,False,False,1.6572483
2067,4.0,False,False,1.421053
2068,4.0,False,False,1.421053
2069,2.6666666666666665,False,False,1.5089087
2070,2.0,False,False,1.6572483
2071,2.6666666666666665,False,False,1.5089087
2072,2.0,False,False,1.6572483
2073,2.6666666666666665,False,False,1.5089087
2074,6.0,False,False,1.6517916
2075,6.0,False,False,1.6517916
2076,6.0,True,False,1.6517916
2077,inf,True,True,35.754963
2078,3.0,False,False,1.0010641
2079,3.0,False,False,1.312083
2080,3.0,False,False,1.3419483
2081,3.0,False,False,1.3995174
2082,3.0,False,False,1.4351377
2083,3.0,False,False,1.3995174
2084,2.0,False,False,1.3696529
2085,2.0,False,False,1.3696529
2086,3.0,False,False,1.4351377
2087,3.0,False,False,1.3419483
2088,3.0,False,False,1.3777659
2089,2.0,False,False,1.2686981
2090,3.0,False,False,1.312083
2091,3.0,False,False,1.3995174
2092,2.0,False,False,1.3696529
2093,3.0,False,False,1.4351377
2094,3.0,False,False,1.3419483
2095,3.0,False,False,1.3419483
2096,3.0,False,False,1.3777659
2097,3.0,False,False,1.312083
2098,3.0,False,False,1.3419483
2099,3.0,False,False,1.3777659
2100,3.0,False,False,1.312083
2101,3.0,False,False,1.3995174
2102,2.0,False,False,1.3696529
2103,2.0,False,False,1.3696529
2104,2.0,False,False,1.3696529
2105,3.0,False,False,1.4351377
2106,3.0,False,False,1.3777659
2107,3.0,False,False,1.312083
2108,3.0,False,False,1.3995174
2109,3.0,False,False,1.4351377
2110,3.0,False,False,1.3419483
2111,3.0,False,False,1.3777659
2112,3.0,False,False,1.312083
2113,inf,True,True,1.7275664
2114,3.0,False,False,1.0010641
2115,2.0,False,False,1.2686981
2116,2.0,False,False,1.2686981
2117,6.0,False,False,1.3699887
2118,3.0,False,False,1.0010641
2119,inf,True,True,39.558456
2120,1.2,False,False,1.1908991
2121,1.2,False,False,1.1908991
2122,6.0,False,False,1.6173795
2123,1.7999999999999998,False,False,1.3329653
2124,1.7999999999999998,False,False,1.3329653
2125,1.7999999999999998,False,False,1.3329653
2126,1.7999999999999998,False,False,1.3329653
2127,1.7999999999999998,False,False,1.3329653
2128,3.0,False,False,1.375371
2129,2.6666666666666665,False,False,1.5089087
2130,3.0,False,False,1.62493
2131,3.5,False,False,1.5909476
2132,2.0,False,False,1.6572483
2133,2.6666666666666665,False,False,1.4841131
2134,3.0,False,False,1.375371
2135,2.6666666666666665,False,False,1.4841131
2136,1.7999999999999998,False,False,1.3329653
2137,1.7999999999999998,False,False,1.3329653
2138,1.7999999999999998,True,False,1.3329653
2139,9.0,False,False,1.400863
2140,1.2,False,False,1.1908991
2141,1.2,False,False,1.1908991
2142,1.2,False,False,1.1908991
2143,6.0,False,False,1.6173795
2144,3.0,False,False,1.375371
2145,2.6666666666666665,False,False,1.4841131
2146,1.7999999999999998,False,False,1.3329653
2147,3.0,False,False,1.375371
2148,2.6666666666666665,False,False,1.5089087
2149,2.0,False,False,1.6572483
2150,2.6666666666666665,False,False,1.5089087
2151,6.0,False,False,1.6517916
2152,6.0,False,False,1.6517916
2153,2.0,False,False,1.6572483
2154,2.6666666666666665,False,False,1.5089087
2155,2.0,False,False,1.6572483
2156,2.6666666666666665,False,False,1.4841131
2157,3.0,False,False,1.375371
2158,2.6666666666666665,False,False,1.4841131
2159,1.7999999999999998,False,False,1.3329653
2160,1.7999999999999998,False,False,1.3329653
2161,1.7999999999999998,False,False,1.3329653
2162,3.0,False,False,1.375371
2163,2.6666666666666665,False,False,1.4841131
2164,3.0,False,False,1.375371
2165,2.6666666666666665,False,False,1.4841131
2166,1.7999999999999998,False,False,1.3329653
2167,1.7999999999999998,False,False,1.3329653
2168,3.0,False,False,1.375371
2169,2.6666666666666665,False,False,1.5089087
2170,2.0,False,False,1.6572483
2171,4.0,False,False,1.421053
2172,2.6666666666666665,False,False,1.5089087
2173,2.0,False,False,1.6572483
2174,2.6666666666666665,False,False,1.4841131
2175,1.7999999999999998,False,False,1.3329653
2176,3.0,False,False,1.375371
2177,2.6666666666666665,False,False,1.5089087
2178,3.0,False,False,1.62493
2179,inf,True,True,2.3724036
2180,2.6666666666666665,False,False,1.5089087
2181,3.0,False,False,1.62493
2182,3.5,False,False,1.5909476
2183,6.0,False,False,1.6517916
2184,3.0,False,False,1.62493
2185,3.5,False,False,1.5145019
2186,1.6,False,False,1.3175379
2187,1.6,False,False,1.3175379
2188,1.6,False,False,1.3175379
2189,1.6,False,False,1.3175379
2190,1.6,False,False,1.3175379
2191,1.6,False,False,1.3175379
2192,1.6,False,False,1.3175379
2193,inf,True,True,7.5970807
2194,1.7999999999999998,False,False,1.3329653
2195,3.0,False,False,1.375371
2196,2.6666666666666665,False,False,1.5089087
2197,6.0,False,False,1.6517916
2198,2.0,False,False,1.6572483
2199,2.6666666666666665,False,False,1.4841131
2200,3.0,False,False,1.375371
2201,2.6666666666666665,False,False,1.4841131
2202,1.7999999999999998,False,False,1.3329653
2203,1.7999999999999998,False,False,1.3329653
2204,3.0,False,False,1.375371
2205,2.6666666666666665,False,False,1.5089087
2206,3.0,False,False,1.62493
2207,3.5,False,False,1.5909476
2208,2.0,False,False,1.6572483
2209,2.6666666666666665,False,False,1.4841131
2210,9.0,False,False,1.400863
2211,1.2,False,False,1.1908991
2212,1.2,False,False,1.1908991
2213,1.2,False,False,1.1908991
2214,1.2,False,False,1.1908991
2215,1.2,False,False,1.1908991
2216,1.2,False,False,1.1908991
2217,6.0,False,False,1.6173795
2218,1.7999999999999998,False,False,1.3329653
2219,3.0,False,False,1.375371
2220,2.6666666666666665,False,False,1.5089087
2221,6.0,False,False,1.6517916
2222,3.0,False,False,1.62493
2223,3.5,False,False,1.5909476
2224,3.0,False,False,1.62493
2225,3.5,False,False,1.5145019
2226,1.6,False,False,1.3175379
2227,1.6,False,False,1.3175379
2228,4.0,False,False,1.4583223
2229,3.5,False,False,1.5909476
2230,3.0,False,False,1.62493
2231,3.5,False,False,1.5909476
2232,2.0,False,False,1.6572483
2233,2.6666666666666665,False,False,1.5089087
2234,2.0,False,False,1.6572483
2235,4.0,False,False,1.421053
2236,2.6666666666666665,False,False,1.5089087
2237,3.0,False,False,1.62493
2238,2.3333333333333335,False,False,1.4145817
2239,3.5,False,False,1.5909476
2240,inf,True,True,26.787767
2241,2.0,False,False,1.2686981
2242,3.0,False,False,1.312083
2243,3.0,False,False,1.3995174
2244,3.0,False,False,1.4351377
2245,3.0,False,False,1.3995174
2246,inf,True,True,28.346317
2247,1.7999999999999998,False,False,1.3329653
2248,1.7999999999999998,False,False,1.3329653
2249,inf,True,True,45.45346
2250,3.0,False,False,1.3995174
2251,3.0,False,False,1.4351377
2252,3.0,False,False,1.3419483
2253,3.0,False,False,1.3995174
2254,2.0,False,False,1.3696529
2255,3.0,False,False,1.4351377
2256,3.0,False,False,1.3419483
2257,3.0,False,False,1.3777659
2258,inf,True,True,23.178535
2259,2.0,False,False,1.6572483
2260,2.6666666666666665,False,False,1.5089087
2261,2.0,False,False,1.6572483
2262,4.0,False,False,1.421053
2263,inf,True,True,33.043915
2264,3.0,False,False,1.3419483
2265,3.0,False,False,1.3995174
2266,2.0,False,False,1.3696529
2267,3.0,True,False,1.4351377
2268,3.0,False,False,1.3777659
2269,inf,True,True,14.333769
2270,2.3333333333333335,False,False,1.4145817
2271,2.3333333333333335,False,False,1.4145817
2272,3.5,False,False,1.5909476
2273,6.0,False,False,1.6517916
2274,2.0,False,False,1.6572483
2275,4.0,False,False,1.421053
2276,2.6666666666666665,False,False,1.4841131
2277,1.7999999999999998,False,False,1.3329653
2278,3.0,False,False,1.375371
2279,2.6666666666666665,False,False,1.5089087
2280,6.0,False,False,1.6517916
2281,3.0,False,False,1.62493
2282,3.5,False,False,1.5145019
2283,1.6,False,False,1.3175379
2284,1.6,False,False,1.3175379
2285,1.6,False,False,1.3175379
2286,8.0,False,True,1.8246723
2287,6.0,False,True,1.7670984
2288,1.6,False,False,1.3175379
2289,1.6,False,False,1.3175379
2290,1.6,False,False,1.3175379
2291,1.6,False,False,1.3175379
2292,1.6,False,False,1.3175379
2293,1.6,False,False,1.3175379
2294,8.0,False,True,1.8246723
2295,2.0,False,False,1.3696529
2296,2.0,False,False,1.3696529
2297,2.0,False,False,1.3696529
2298,3.0,False,False,1.4351377
2299,3.0,False,False,1.3995174
2300,3.0,False,False,1.4351377
2301,3.0,False,False,1.3777659
2302,2.0,False,False,1.2686981
2303,2.0,False,False,1.2686981
2304,2.0,False,False,1.2686981
2305,6.0,False,False,1.3699887
2306,1.5,False,False,1.0007646
2307,3.0,False,False,1.0010641
2308,2.0,False,False,1.2686981
2309,2.0,False,False,1.2686981
2310,6.0,False,False,1.3699887
2311,1.5,False,False,1.0007646
2312,1.5,False,False,1.0007646
2313,1.5,False,False,1.0007646
2314,inf,True,True,2.1729975
2315,4.0,False,False,1.421053
2316,2.6666666666666665,False,False,1.5089087
2317,3.0,False,False,1.62493
2318,3.5,False,False,1.5145019
2319,1.6,False,False,1.3175379
2320,1.6,False,False,1.3175379
2321,1.6,False,False,1.3175379
2322,1.6,False,False,1.3175379
2323,1.6,False,False,1.3175379
2324,1.6,False,False,1.3175379
2325,1.6,False,False,1.3175379
2326,4.0,False,False,1.4583223
2327,3.5,False,False,1.5145019
2328,1.6,False,False,1.3175379
2329,1.6,False,False,1.3175379
2330,1.6,False,False,1.3175379
2331,inf,True,True,8.443356
2332,3.0,False,False,1.0010641
2333,2.0,False,False,1.2686981
2334,3.0,False,False,1.312083
2335,3.0,False,False,1.3419483
2336,3.0,False,False,1.3995174
2337,3.0,False,False,1.4351377
2338,3.0,False,False,1.3419483
2339,3.0,False,False,1.3419483
2340,3.0,False,False,1.3995174
2341,3.0,False,False,1.4351377
2342,3.0,False,False,1.3995174
2343,2.0,False,False,1.3696529
2344,6.0,False,True,1.7670984
2345,1.6,False,False,1.3175379
2346,8.0,False,True,1.8246723
2347,2.0,False,False,1.3696529
2348,6.0,False,True,1.7670984
2349,1.6,False,False,1.3175379
2350,4.0,False,False,1.4583223
2351,3.5,False,False,1.5145019
2352,8.0,False,True,1.8246723
2353,3.0,False,False,1.4351377
2354,3.0,False,False,1.3777659
2355,3.0,False,False,1.312083
2356,3.0,False,False,1.3777659
2357,2.0,False,False,1.2686981
2358,3.0,False,False,1.312083
2359,3.0,False,False,1.3777659
2360,6.0,False,False,1.3699887
2361,3.0,False,False,1.0010641
2362,2.0,False,False,1.2686981
2363,3.0,False,False,1.312083
2364,3.0,False,False,1.3995174
2365,2.0,False,False,1.3696529
2366,3.0,False,False,1.4351377
2367,3.0,False,False,1.3777659
2368,2.0,False,False,1.2686981
2369,3.0,False,False,1.312083
2370,3.0,False,False,1.3995174
2371,2.0,False,False,1.3696529
2372,3.0,False,False,1.4351377
2373,3.0,False,False,1.3777659
2374,6.0,False,False,1.3699887
2375,1.5,False,False,1.0007646
2376,3.0,False,False,1.0010641
2377,3.0,False,False,1.312083
2378,3.0,False,False,1.3777659
2379,2.0,False,False,1.2686981
2380,2.0,False,False,1.2686981
2381,2.0,False,False,1.2686981
2382,2.0,False,False,1.2686981
2383,2.0,False,False,1.2686981
2384,6.0,False,False,1.3699887
2385,1.5,False,False,1.0007646
2386,3.0,False,False,1.0010641
2387,2.0,False,False,1.2686981
2388,2.0,False,False,1.2686981
2389,2.0,False,False,1.2686981
2390,3.0,False,False,1.312083
2391,3.0,False,False,1.3777659
2392,6.0,False,False,1.3699887
2393,3.0,False,False,1.0010641
2394,2.0,False,False,1.2686981
2395,3.0,False,False,1.312083
2396,3.0,False,False,1.3995174
2397,3.0,False,False,1.4351377
2398,3.0,False,False,1.3419483
2399,3.0,False,False,1.3777659
2400,2.0,False,False,1.2686981
2401,3.0,False,False,1.312083
2402,3.0,False,False,1.3419483
2403,3.0,False,False,1.3419483
2404,3.0,False,False,1.3777659
2405,2.0,True,False,1.2686981
2406,2.0,False,False,1.2686981
2407,3.0,False,False,1.312083
2408,3.0,False,False,1.3777659
2409,6.0,False,False,1.3699887
2410,1.5,False,False,1.0007646
2411,1.5,False,False,1.0007646
2412,1.5,False,False,1.0007646
2413,inf,True,True,2.1729975
2414,inf,True,True,1.9987557
2415,1.2,False,False,1.1908991
2416,1.2,False,False,1.1908991
2417,inf,True,True,3.4838846
2418,2.0,False,False,1.6572483
2419,4.0,False,False,1.421053
2420,4.0,False,False,1.421053
2421,2.6666666666666665,False,False,1.4841131
2422,9.0,False,False,1.400863
2423,1.2,False,False,1.1908991
2424,1.2,False,False,1.1908991
2425,1.2,False,False,1.1908991
2426,1.2,False,False,1.1908991
2427,1.2,False,False,1.1908991
2428,1.2,False,False,1.1908991
2429,1.2,False,False,1.1908991
2430,1.2,False,False,1.1908991
2431,1.2,False,False,1.1908991
2432,1.2,False,False,1.1908991
2433,1.2,False,False,1.1908991
2434,6.0,False,False,1.6173795
2435,1.7999999999999998,False,False,1.3329653
2436,3.0,False,False,1.375371
2437,4.0,False,False,1.421053
2438,inf,True,True,17.872583
2439,2.0,False,False,1.3696529
2440,inf,True,True,3.3175724
2441,3.5,False,False,1.5145019
2442,8.0,False,True,1.8246723
2443,2.0,False,False,1.3696529
2444,2.0,True,False,1.3696529
2445,2.0,False,False,1.3696529
2446,6.0,True,True,1.7670984
2447,1.6,False,False,1.3175379
2448,1.6,False,False,1.3175379
2449,1.6,False,False,1.3175379
2450,1.6,False,False,1.3175379
2451,8.0,False,True,1.8246723
2452,2.0,False,False,1.3696529
2453,2.0,False,False,1.3696529
2454,6.0,False,True,1.7670984
2455,1.6,False,False,1.3175379
2456,4.0,False,False,1.4583223
2457,2.3333333333333335,False,False,1.4145817
2458,3.5,False,False,1.5145019
2459,1.6,False,False,1.3175379
2460,8.0,False,True,1.8246723
2461,2.0,False,False,1.3696529
2462,6.0,False,True,1.7670984
2463,1.6,False,False,1.3175379
2464,8.0,True,True,1.8246723
2465,3.0,False,False,1.4351377
2466,3.0,False,False,1.3995174
2467,2.0,False,False,1.3696529
2468,2.0,False,False,1.3696529
2469,2.0,False,False,1.3696529
2470,3.0,False,False,1.4351377
2471,3.0,False,False,1.3995174
2472,3.0,False,False,1.4351377
2473,3.0,False,False,1.3777659
2474,6.0,False,False,1.3699887
2475,1.5,False,False,1.0007646
2476,3.0,False,False,1.0010641
2477,2.0,False,False,1.2686981
2478,2.0,False,False,1.2686981
2479,3.0,False,False,1.312083
2480,3.0,False,False,1.3419483
2481,3.0,False,False,1.3995174
2482,2.0,False,False,1.3696529
2483,2.0,False,False,1.3696529
2484,2.0,False,False,1.3696529
2485,inf,True,True,28.346317
2486,1.7999999999999998,False,False,1.3329653
2487,1.7999999999999998,False,False,1.3329653
2488,1.7999999999999998,False,False,1.3329653
2489,1.7999999999999998,False,False,1.3329653
2490,3.0,False,False,1.375371
2491,2.6666666666666665,False,False,1.5089087
2492,2.0,False,False,1.6572483
2493,4.0,False,False,1.421053
2494,2.6666666666666665,False,False,1.5089087
2495,6.0,False,False,1.6517916
2496,6.0,False,False,1.6517916
2497,2.0,False,False,1.6572483
2498,2.6666666666666665,False,False,1.4841131
2499,1.7999999999999998,False,False,1.3329653
2500,1.7999999999999998,False,False,1.3329653
2501,1.7999999999999998,False,False,1.3329653
2502,1.7999999999999998,False,False,1.3329653
2503,3.0,False,False,1.375371
2504,4.0,False,False,1.421053
2505,2.6666666666666665,False,False,1.5089087
2506,inf,True,True,3.5444734
2507,6.0,False,False,1.6173795
2508,9.0,False,False,1.400863
2509,1.2,False,False,1.1908991
2510,1.2,False,False,1.1908991
2511,1.2,False,False,1.1908991
2512,1.2,False,False,1.1908991
2513,1.2,False,False,1.1908991
2514,1.2,False,False,1.1908991
2515,1.2,False,False,1.1908991
2516,1.2,False,False,1.1908991
2517,1.2,False,False,1.1908991
2518,1.2,False,False,1.1908991
2519,1.2,False,False,1.1908991
2520,1.2,False,False,1.1908991
2521,1.2,False,False,1.1908991
2522,1.2,False,False,1.1908991
2523,1.2,False,False,1.1908991
2524,1.2,False,False,1.1908991
2525,1.2,False,False,1.1908991
2526,1.2,False,False,1.1908991
2527,1.2,False,False,1.1908991
2528,1.2,False,False,1.1908991
2529,1.2,False,False,1.1908991
2530,1.2,False,False,1.1908991
2531,1.2,False,False,1.1908991
2532,1.2,False,False,1.1908991
2533,1.2,False,False,1.1908991
2534,1.2,False,False,1.1908991
2535,1.2,False,False,1.1908991
2536,1.2,False,False,1.1908991
2537,1.2,False,False,1.1908991
2538,6.0,False,False,1.6173795
2539,9.0,False,False,1.400863
2540,6.0,False,False,1.6173795
2541,1.7999999999999998,False,False,1.3329653
2542,3.0,False,False,1.375371
2543,4.0,False,False,1.421053
2544,4.0,False,False,1.421053
2545,2.6666666666666665,False,False,1.4841131
2546,3.0,False,False,1.375371
2547,2.6666666666666665,False,False,1.4841131
2548,1.7999999999999998,False,False,1.3329653
2549,1.7999999999999998,False,False,1.3329653
2550,1.7999999999999998,False,False,1.3329653
2551,3.0,False,False,1.375371
2552,4.0,False,False,1.421053
2553,2.6666666666666665,False,False,1.4841131
2554,1.7999999999999998,False,False,1.3329653
2555,1.7999999999999998,False,False,1.3329653
2556,1.7999999999999998,False,False,1.3329653
2557,1.7999999999999998,False,False,1.3329653
2558,1.7999999999999998,False,False,1.3329653
2559,3.0,False,False,1.375371
2560,2.6666666666666665,False,False,1.5089087
2561,3.0,False,False,1.62493
2562,2.3333333333333335,False,False,1.4145817
2563,2.3333333333333335,True,False,1.4145817
2564,2.3333333333333335,False,False,1.4145817
2565,2.3333333333333335,False,False,1.4145817
2566,3.5,False,False,1.5145019
2567,4.0,False,False,1.4583223
2568,3.5,False,False,1.5909476
2569,6.0,False,False,1.6517916
2570,6.0,False,False,1.6517916
2571,2.0,False,False,1.6572483
2572,2.6666666666666665,False,False,1.5089087
2573,3.0,False,False,1.62493
2574,2.3333333333333335,False,False,1.4145817
2575,3.5,False,False,1.5145019
2576,1.6,False,False,1.3175379
2577,1.6,False,False,1.3175379
2578,8.0,True,True,1.8246723
2579,3.0,False,False,1.4351377
2580,3.0,False,False,1.3419483
2581,3.0,False,False,1.3995174
2582,3.0,False,False,1.4351377
2583,3.0,False,False,1.3995174
2584,6.0,False,True,1.7670984
2585,1.6,False,False,1.3175379
2586,8.0,False,True,1.8246723
2587,6.0,False,True,1.7670984
2588,1.6,False,False,1.3175379
2589,8.0,False,True,1.8246723
2590,2.0,False,False,1.3696529
2591,2.0,False,False,1.3696529
2592,3.0,False,False,1.4351377
2593,3.0,False,False,1.3995174
2594,3.0,False,False,1.4351377
2595,3.0,False,False,1.3419483
2596,3.0,False,False,1.3777659
2597,6.0,False,False,1.3699887
2598,1.5,False,False,1.0007646
2599,3.0,False,False,1.0010641
2600,3.0,False,False,1.312083
2601,3.0,False,False,1.3777659
2602,2.0,False,False,1.2686981
2603,6.0,False,False,1.3699887
2604,1.5,True,False,1.0007646
2605,1.5,False,False,1.0007646
2606,1.5,False,False,1.0007646
2607,1.5,False,False,1.0007646
2608,1.5,False,False,1.0007646
2609,1.5,False,False,1.0007646
2610,1.5,False,False,1.0007646
2611,1.5,False,False,1.0007646
2612,1.5,True,False,1.0007646
2613,1.5,False,False,1.0007646
2614,1.5,False,False,1.0007646
2615,1.5,False,False,1.0007646
2616,1.5,False,False,1.0007646
2617,3.0,False,False,1.0010641
2618,2.0,False,False,1.2686981
2619,2.0,False,False,1.2686981
2620,2.0,False,False,1.2686981
2621,3.0,False,False,1.312083
2622,3.0,False,False,1.3419483
2623,3.0,False,False,1.3777659
2624,3.0,False,False,1.312083
2625,3.0,False,False,1.3995174
2626,3.0,False,False,1.4351377
2627,3.0,False,False,1.3419483
2628,3.0,False,False,1.3777659
2629,2.0,False,False,1.2686981
2630,2.0,False,False,1.2686981
2631,2.0,False,False,1.2686981
2632,2.0,False,False,1.2686981
2633,2.0,False,False,1.2686981
2634,6.0,False,False,1.3699887
2635,3.0,False,False,1.0010641
2636,3.0,False,False,1.312083
2637,3.0,False,False,1.3995174
2638,3.0,False,False,1.4351377
2639,3.0,False,False,1.3777659
2640,2.0,False,False,1.2686981
2641,2.0,False,False,1.2686981
2642,2.0,False,False,1.2686981
2643,3.0,False,False,1.312083
2644,3.0,False,False,1.3995174
2645,2.0,False,False,1.3696529
2646,inf,True,True,42.47357
2647,1.2,False,False,1.1908991
2648,1.2,False,False,1.1908991
2649,1.2,False,False,1.1908991
2650,1.2,False,False,1.1908991
2651,6.0,False,False,1.6173795
2652,3.0,False,False,1.375371
2653,2.6666666666666665,False,False,1.5089087
2654,2.0,False,False,1.6572483
2655,2.6666666666666665,False,False,1.4841131
2656,1.7999999999999998,False,False,1.3329653
2657,1.7999999999999998,False,False,1.3329653
2658,1.7999999999999998,False,False,1.3329653
2659,1.7999999999999998,False,False,1.3329653
2660,3.0,False,False,1.375371
2661,2.6666666666666665,False,False,1.4841131
2662,1.7999999999999998,False,False,1.3329653
2663,1.7999999999999998,False,False,1.3329653
2664,1.7999999999999998,False,False,1.3329653
2665,1.7999999999999998,False,False,1.3329653
2666,3.0,False,False,1.375371
2667,2.6666666666666665,False,False,1.5089087
2668,6.0,False,False,1.6517916
2669,3.0,False,False,1.62493
2670,2.3333333333333335,False,False,1.4145817
2671,3.5,False,False,1.5145019
2672,8.0,False,True,1.8246723
2673,2.0,False,False,1.3696529
2674,3.0,False,False,1.4351377
2675,3.0,False,False,1.3995174
2676,3.0,False,False,1.4351377
2677,3.0,False,False,1.3777659
2678,6.0,False,False,1.3699887
2679,3.0,False,False,1.0010641
2680,2.0,False,False,1.2686981
2681,3.0,False,False,1.312083
2682,3.0,False,False,1.3995174
2683,6.0,False,True,1.7670984
2684,1.6,False,False,1.3175379
2685,1.6,False,False,1.3175379
2686,1.6,False,False,1.3175379
2687,1.6,False,False,1.3175379
2688,1.6,False,False,1.3175379
2689,1.6,False,False,1.3175379
2690,1.6,False,False,1.3175379
2691,1.6,False,False,1.3175379
2692,1.6,False,False,1.3175379
2693,1.6,False,False,1.3175379
2694,8.0,False,True,1.8246723
2695,3.0,False,False,1.4351377
2696,3.0,False,False,1.3777659
2697,2.0,False,False,1.2686981
2698,6.0,False,False,1.3699887
2699,1.5,False,False,1.0007646
2700,1.5,False,False,1.0007646
2701,1.5,False,False,1.0007646
2702,3.0,False,False,1.0010641
2703,3.0,False,False,1.312083
2704,3.0,False,False,1.3995174
2705,inf,True,False,1.6140053
2706,2.0,False,False,1.2686981
2707,2.0,False,False,1.2686981
2708,3.0,False,False,1.312083
2709,inf,True,True,12.015826
2710,2.0,False,False,1.6572483
2711,2.6666666666666665,False,False,1.4841131
2712,1.7999999999999998,False,False,1.3329653
2713,inf,True,True,7.645251
2714,1.6,False,False,1.3175379
2715,1.6,False,False,1.3175379
2716,4.0,False,False,1.4583223
2717,2.3333333333333335,False,False,1.4145817
2718,2.3333333333333335,False,False,1.4145817
2719,2.3333333333333335,False,False,1.4145817
2720,2.3333333333333335,False,False,1.4145817
2721,3.5,False,False,1.5909476
2722,2.0,False,False,1.6572483
2723,2.6666666666666665,False,False,1.5089087
2724,3.0,False,False,1.62493
2725,2.3333333333333335,False,False,1.4145817
2726,2.3333333333333335,False,False,1.4145817
2727,2.3333333333333335,False,False,1.4145817
2728,2.3333333333333335,False,False,1.4145817
2729,3.5,False,False,1.5145019
2730,4.0,False,False,1.4583223
2731,2.3333333333333335,False,False,1.4145817
2732,3.5,False,False,1.5909476
2733,3.0,False,False,1.62493
2734,2.3333333333333335,False,False,1.4145817
2735,3.5,False,False,1.5909476
2736,3.0,False,False,1.62493
2737,3.5,False,False,1.5145019
2738,4.0,False,False,1.4583223
2739,2.3333333333333335,False,False,1.4145817
2740,2.3333333333333335,False,False,1.4145817
2741,3.5,False,False,1.5145019
2742,1.6,False,False,1.3175379
2743,4.0,False,False,1.4583223
2744,3.5,False,False,1.5909476
2745,3.0,False,False,1.62493
2746,3.5,False,False,1.5145019
2747,1.6,False,False,1.3175379
2748,1.6,False,False,1.3175379
2749,1.6,False,False,1.3175379
2750,4.0,False,False,1.4583223
2751,3.5,False,False,1.5909476
2752,2.0,False,False,1.6572483
2753,2.6666666666666665,False,False,1.5089087
2754,2.0,False,False,1.6572483
2755,2.6666666666666665,False,False,1.4841131
2756,3.0,False,False,1.375371
2757,2.6666666666666665,False,False,1.5089087
2758,2.0,False,False,1.6572483
2759,2.6666666666666665,False,False,1.5089087
2760,2.0,False,False,1.6572483
2761,inf,True,True,4.208568
2762,8.0,False,True,1.8246723
2763,3.0,False,False,1.4351377
2764,3.0,False,False,1.3777659
2765,6.0,False,False,1.3699887
2766,1.5,False,False,1.0007646
2767,3.0,False,False,1.0010641
2768,3.0,False,False,1.312083
2769,3.0,False,False,1.3777659
2770,2.0,False,False,1.2686981
2771,2.0,False,False,1.2686981
2772,3.0,False,False,1.312083
2773,3.0,False,False,1.3419483
2774,3.0,False,False,1.3419483
2775,3.0,False,False,1.3419483
2776,3.0,False,False,1.3419483
2777,3.0,False,False,1.3777659
2778,6.0,False,False,1.3699887
2779,1.5,False,False,1.0007646
2780,1.5,False,False,1.0007646
2781,3.0,False,False,1.0010641
2782,3.0,False,False,1.312083
2783,3.0,False,False,1.3995174
2784,2.0,False,False,1.3696529
2785,6.0,False,True,1.7670984
2786,1.6,False,False,1.3175379
2787,1.6,False,False,1.3175379
2788,4.0,False,False,1.4583223
2789,3.5,False,False,1.5145019
2790,1.6,False,False,1.3175379
2791,1.6,False,False,1.3175379
2792,1.6,False,False,1.3175379
2793,1.6,False,False,1.3175379
2794,1.6,False,False,1.3175379
2795,1.6,False,False,1.3175379
2796,1.6,False,False,1.3175379
2797,8.0,False,True,1.8246723
2798,2.0,False,False,1.3696529
2799,2.0,False,False,1.3696529
2800,3.0,False,False,1.4351377
2801,3.0,False,False,1.3777659
2802,3.0,False,False,1.312083
2803,3.0,False,False,1.3777659
2804,2.0,False,False,1.2686981
2805,2.0,False,False,1.2686981
2806,3.0,False,False,1.312083
2807,3.0,False,False,1.3995174
2808,2.0,False,False,1.3696529
2809,3.0,True,False,1.4351377
2810,3.0,False,False,1.3995174
2811,6.0,False,True,1.7670984
2812,1.6,False,False,1.3175379
2813,4.0,False,False,1.4583223
2814,3.5,False,False,1.5145019
2815,1.6,False,False,1.3175379
2816,1.6,False,False,1.3175379
2817,4.0,False,False,1.4583223
2818,3.5,False,False,1.5909476
2819,3.0,False,False,1.62493
2820,2.3333333333333335,False,False,1.4145817
2821,2.3333333333333335,False,False,1.4145817
2822,3.5,False,False,1.5909476
2823,2.0,False,False,1.6572483
2824,2.6666666666666665,False,False,1.4841131
2825,1.7999999999999998,False,False,1.3329653
2826,3.0,False,False,1.375371
2827,2.6666666666666665,False,False,1.5089087
2828,2.0,False,False,1.6572483
2829,2.6666666666666665,False,False,1.4841131
2830,1.7999999999999998,False,False,1.3329653
2831,9.0,False,False,1.400863
2832,1.2,False,False,1.1908991
2833,1.2,False,False,1.1908991
2834,6.0,False,False,1.6173795
2835,1.7999999999999998,False,False,1.3329653
2836,3.0,False,False,1.375371
2837,2.6666666666666665,False,False,1.4841131
2838,1.7999999999999998,False,False,1.3329653
2839,1.7999999999999998,False,False,1.3329653
2840,3.0,False,False,1.375371
2841,inf,True,True,4.208568
2842,1.6,False,False,1.3175379
2843,8.0,True,True,1.8246723
2844,2.0,False,False,1.3696529
2845,2.0,False,False,1.3696529
2846,6.0,False,True,1.7670984
2847,8.0,False,True,1.8246723
2848,2.0,False,False,1.3696529
2849,2.0,False,False,1.3696529
2850,3.0,False,False,1.4351377
2851,3.0,False,False,1.3995174
2852,inf,True,True,3.3175724
2853,2.3333333333333335,False,False,1.4145817
2854,3.5,False,False,1.5145019
2855,1.6,False,False,1.3175379
2856,4.0,False,False,1.4583223
2857,2.3333333333333335,False,False,1.4145817
2858,2.3333333333333335,False,False,1.4145817
2859,3.5,False,False,1.5909476
2860,2.0,False,False,1.6572483
2861,2.6666666666666665,False,False,1.5089087
2862,inf,True,True,26.787767
2863,3.0,False,False,1.312083
2864,3.0,False,False,1.3419483
2865,3.0,True,False,1.3419483
2866,3.0,False,False,1.3995174
2867,6.0,False,True,1.7670984
2868,1.6,False,False,1.3175379
2869,4.0,False,False,1.4583223
2870,3.5,False,False,1.5909476
2871,2.0,False,False,1.6572483
2872,4.0,False,False,1.421053
2873,2.6666666666666665,False,False,1.5089087
2874,2.0,False,False,1.6572483
2875,2.6666666666666665,False,False,1.4841131
2876,3.0,False,False,1.375371
2877,2.6666666666666665,False,False,1.4841131
2878,1.7999999999999998,False,False,1.3329653
2879,1.7999999999999998,False,False,1.3329653
2880,1.7999999999999998,False,False,1.3329653
2881,1.7999999999999998,False,False,1.3329653
2882,9.0,False,False,1.400863
2883,1.2,False,False,1.1908991
2884,1.2,False,False,1.1908991
2885,1.2,False,False,1.1908991
2886,1.2,False,False,1.1908991
2887,1.2,False,False,1.1908991
2888,1.2,False,False,1.1908991
2889,6.0,False,False,1.6173795
2890,3.0,False,False,1.375371
2891,2.6666666666666665,False,False,1.5089087
2892,2.0,False,False,1.6572483
2893,4.0,False,False,1.421053
2894,4.0,False,False,1.421053
2895,2.6666666666666665,False,False,1.5089087
2896,6.0,False,False,1.6517916
2897,2.0,False,False,1.6572483
2898,2.6666666666666665,False,False,1.5089087
2899,3.0,False,False,1.62493
2900,3.5,False,False,1.5909476
2901,3.0,False,False,1.62493
2902,3.5,False,False,1.5909476
2903,3.0,False,False,1.62493
2904,3.5,False,False,1.5145019
2905,4.0,False,False,1.4583223
2906,3.5,False,False,1.5145019
2907,4.0,False,False,1.4583223
2908,2.3333333333333335,False,False,1.4145817
2909,2.3333333333333335,False,False,1.4145817
2910,2.3333333333333335,False,False,1.4145817
2911,3.5,False,False,1.5909476
2912,3.0,False,False,1.62493
2913,2.3333333333333335,False,False,1.4145817
2914,2.3333333333333335,False,False,1.4145817
2915,2.3333333333333335,False,False,1.4145817
2916,3.5,False,False,1.5909476
2917,3.0,False,False,1.62493
2918,2.3333333333333335,False,False,1.4145817
2919,2.3333333333333335,False,False,1.4145817
2920,2.3333333333333335,False,False,1.4145817
2921,3.5,False,False,1.5145019
2922,1.6,False,False,1.3175379
2923,1.6,False,False,1.3175379
2924,4.0,False,False,1.4583223
2925,inf,True,True,3.4733913
2926,2.0,False,False,1.3696529
2927,2.0,False,False,1.3696529
2928,inf,True,True,28.346317
2929,1.7999999999999998,False,False,1.3329653
2930,3.0,False,False,1.375371
2931,2.6666666666666665,False,False,1.5089087
2932,3.0,False,False,1.62493
2933,3.5,False,False,1.5909476
2934,3.0,False,False,1.62493
2935,3.5,False,False,1.5909476
2936,3.0,False,False,1.62493
2937,2.3333333333333335,False,False,1.4145817
2938,3.5,False,False,1.5909476
2939,3.0,False,False,1.62493
2940,2.3333333333333335,False,False,1.4145817
2941,3.5,False,False,1.5145019
2942,1.6,False,False,1.3175379
2943,8.0,False,True,1.8246723
2944,6.0,False,True,1.7670984
2945,8.0,False,True,1.8246723
2946,3.0,False,False,1.4351377
2947,3.0,False,False,1.3995174
2948,3.0,False,False,1.4351377
2949,3.0,False,False,1.3419483
2950,3.0,False,False,1.3777659
2951,2.0,False,False,1.2686981
2952,2.0,False,False,1.2686981
2953,2.0,False,False,1.2686981
2954,3.0,False,False,1.312083
2955,3.0,False,False,1.3995174
2956,3.0,False,False,1.4351377
2957,3.0,False,False,1.3419483
2958,3.0,False,False,1.3777659
2959,2.0,False,False,1.2686981
2960,2.0,False,False,1.2686981
2961,2.0,False,False,1.2686981
2962,3.0,False,False,1.312083
2963,3.0,True,False,1.3419483
2964,3.0,False,False,1.3777659
2965,2.0,False,False,1.2686981
2966,2.0,False,False,1.2686981
2967,6.0,False,False,1.3699887
2968,3.0,False,False,1.0010641
2969,3.0,True,False,1.312083
2970,3.0,False,False,1.3777659
2971,3.0,False,False,1.312083
2972,3.0,False,False,1.3995174
2973,2.0,False,False,1.3696529
2974,3.0,False,False,1.4351377
2975,3.0,False,False,1.3995174
2976,2.0,False,False,1.3696529
2977,3.0,False,False,1.4351377
2978,3.0,False,False,1.3419483
2979,3.0,False,False,1.3995174
2980,2.0,True,False,1.3696529
2981,2.0,False,False,1.3696529
2982,3.0,False,False,1.4351377
2983,inf,True,True,28.148298
2984,2.6666666666666665,False,False,1.4841131
2985,9.0,False,False,1.400863
2986,1.2,False,False,1.1908991
2987,1.2,False,False,1.1908991
2988,1.2,False,False,1.1908991
2989,1.2,False,False,1.1908991
2990,1.2,False,False,1.1908991
2991,1.2,False,False,1.1908991
2992,1.2,False,False,1.1908991
2993,1.2,False,False,1.1908991
2994,1.2,False,False,1.1908991
2995,1.2,False,False,1.1908991
2996,1.2,False,False,1.1908991
2997,1.2,False,False,1.1908991
2998,1.2,False,False,1.1908991
